voltage_v,experimental_current_a,model_total_a,model_pf_a,model_thermionic_a,model_background_a,polarization_uc_cm2
0.0,3.64095e-14,-2.3742608294531457e-14,0.0,2.047646359993344e-27,-2.3742608294533505e-14,0.34009276282656925
-0.25,3.41051e-14,-1.3487937853969615e-13,-2.8833038044967643e-16,-1.5211802133487403e-40,-1.3459104815924645e-13,0.34009276282656925
-0.5,1.234048e-13,-2.462491757945427e-13,-8.096877705833059e-16,-2.13006331808089e-40,-2.4543948802395936e-13,0.34009276282656925
-0.75,1.338367e-13,-3.5803935344197995e-13,-1.7514255533075626e-15,-2.8063371205931725e-40,-3.562879278886723e-13,0.34009276282656925
-1.0,3.538931e-13,-4.704294103508312e-13,-3.2930425974458667e-15,-3.56506107428396e-40,-4.671363677533853e-13,0.34009276282656925
-1.25,3.209781e-13,-5.836481824505764e-13,-5.663374832478185e-15,-4.417339324717706e-40,-5.779848076180982e-13,0.34009276282656925
-1.5,1.11847e-13,-6.979832748454223e-13,-9.150027362611163e-15,-5.373224823264486e-40,-6.888332474828111e-13,0.34009276282656925
-1.75,1.133132e-13,-8.137920721370763e-13,-1.411038478955233e-14,-6.442618809719416e-40,-7.996816873475241e-13,0.34009276282656925
-2.0,2.59303e-13,-9.315144056619037e-13,-2.098427844966668e-14,-7.63563857585127e-40,-9.10530127212237e-13,0.34009276282656925
-2.25,9.20097e-14,-1.0516870523121445e-12,-3.0308485235194424e-14,-8.962800835079847e-40,-1.02137856707695e-12,0.34009276282656925
-2.5,2.247426e-13,-1.1749602739109707e-12,-4.273326696930779e-14,-1.0435129758447302e-39,-1.132227006941663e-12,0.34009276282656925
-2.75,2.355091e-13,-1.3021166315298928e-12,-5.904118472351669e-14,-1.206423072248765e-39,-1.243075446806376e-12,0.34009276282656925
-3.0,2.527495e-13,-1.4340923337367724e-12,-8.01684470656837e-14,-1.3862347325581491e-39,-1.3539238866710889e-12,0.34009276282656925
-3.25,3.983859e-13,-1.5720014035342063e-12,-1.0722907699840469e-13,-1.584240994536607e-39,-1.4647723265358017e-12,0.34009276282656925
-3.5,3.885232e-13,-1.7171629763741203e-12,-1.4154220997360544e-13,-1.8018080047560804e-39,-1.5756207664005148e-12,0.34009276282656925
-3.75,3.191865e-13,-1.8711320714514573e-12,-1.8466286518623037e-13,-2.0403792531506127e-39,-1.6864692062652272e-12,0.34009276282656925
-4.0,4.737446e-13,-2.035734210722923e-12,-2.384165645929825e-13,-2.3014797424779927e-39,-1.7973176461299403e-12,0.34009276282656925
-4.25,5.273173e-13,-2.2131042949732553e-12,-3.0493820897860165e-13,-2.586720172070695e-39,-1.9081660859946534e-12,0.34009276282656925
-4.5,5.80208e-13,-2.405730183966059e-12,-3.867156581066923e-13,-2.8978011863765807e-39,-2.0190145258593664e-12,0.34009276282656925
-4.75,7.698526e-13,-2.5952918799544813e-12,-4.661049259952862e-13,-3.1663923093645944e-39,-2.129186953959195e-12,0.1634843319677963
-5.0,9.875052e-13,-2.7381440810289033e-12,-5.005928078264708e-13,-3.2591676969399056e-39,-2.2375512732024325e-12,-0.48549349328943087
-5.25,1.3257e-12,-2.8557663680442637e-12,-5.108522679077335e-13,-3.247664305141436e-39,-2.3449141001365303e-12,-1.3961117136139765
-5.5,1.5421e-12,-3.0129338003830096e-12,-5.596308315388378e-13,-3.344885876118635e-39,-2.4533029688441717e-12,-2.0386759783206942
-5.75,2.2889e-12,-3.145461465126223e-12,-5.851828835548868e-13,-3.291919166320434e-39,-2.560278581571336e-12,-3.0504541148554156
-6.0,1.9781e-12,-3.3331450691270792e-12,-6.645613893746009e-13,-3.381081340943853e-39,-2.6685836797524786e-12,-3.7149034738842226
-6.25,2.3602e-12,-3.534685411125759e-12,-7.588708336790919e-13,-3.35503942409355e-39,-2.7758145774466672e-12,-4.659988277861243
-6.5,3.0564e-12,-3.7966569388549836e-12,-9.130626892302293e-13,-3.388210610815909e-39,-2.8835942496247547e-12,-5.461705457884376
-6.75,3.6799e-12,-4.119623653400828e-12,-1.1276815795045758e-12,-3.484091350744551e-39,-2.9919420738962517e-12,-6.114992603226643
-7.0,4.4193e-12,-4.628436099532715e-12,-1.5303391131893349e-12,-3.340582569487296e-39,-3.0980969863433795e-12,-7.34117912167359
-7.25,8.9524e-12,-5.266255708437914e-12,-2.06046540622525e-12,-3.364328366658341e-39,-3.2057903022126637e-12,-8.165456933011747
-7.5,1.09581e-11,-5.953377979912864e-12,-2.6386922068824404e-12,-3.520392955111735e-39,-3.314685773030424e-12,-8.675671128702945
-7.75,9.6035e-12,-7.061920779520438e-12,-3.639580040068762e-12,-3.540814951990608e-39,-3.422340739451676e-12,-9.509967753608185
-8.0,1.34826e-11,-8.724001276572073e-12,-5.194404275232059e-12,-3.51665766867273e-39,-3.5295970013400137e-12,-10.448426148458477
-8.25,1.91266e-11,-1.1165926542669161e-11,-7.529224329082914e-12,-3.475905977846821e-39,-3.6367022135862474e-12,-11.42634634214083
-8.5,3.62616e-11,-1.4399797769477428e-11,-1.0655640124321154e-11,-3.4740359955047986e-39,-3.744157645156274e-12,-12.312771552385854
-8.75,8.20693e-11,-1.82531288250952e-11,-1.4400899697496274e-11,-3.540697834860459e-39,-3.852229127598928e-12,-13.038253146564458
-9.0,1.373866e-10,-2.4765303912652932e-11,-2.0806032550060545e-11,-3.492741211054156e-39,-3.959271362592387e-12,-14.03262618081833
-9.25,2.775039e-10,-3.197090316467607e-11,-2.7903589370014224e-11,-3.5564105306580453e-39,-4.067313794661844e-12,-14.765697200348017
-9.5,6.294106e-10,-4.446852142180809e-11,-4.0294335272393754e-11,-3.489422918500891e-39,-4.174186149414337e-12,-15.804451537338801
-9.25,5.328221e-10,-4.0670275809851964e-11,-3.6606938100302344e-11,-3.130372665646752e-39,-4.063337709549625e-12,-15.804451537338801
-9.0,4.357024e-10,-3.719226476906445e-11,-3.323977549937953e-11,-2.8002644474200037e-39,-3.952489269684913e-12,-15.804451537338801
-8.75,2.985269e-10,-3.400784435792501e-11,-3.016620352810481e-11,-2.49723511045395e-39,-3.8416408298202e-12,-15.804451537338801
-8.5,2.499255e-10,-3.109251632055209e-11,-2.7361723930596603e-11,-2.219518888507776e-39,-3.7307923899554875e-12,-15.804451537338801
-8.25,1.892083e-10,-2.8423759751558484e-11,-2.4803815801467712e-11,-1.965442972276508e-39,-3.6199439500907725e-12,-15.804451537338801
-8.0,1.306524e-10,-2.5980875611597048e-11,-2.2471780101370988e-11,-1.733423195160599e-39,-3.50909551022606e-12,-15.804451537338801
-7.75,9.89885e-11,-2.374484314703109e-11,-2.034659607666974e-11,-1.5219598086284584e-39,-3.398247070361347e-12,-15.804451537338801
-7.5,7.36117e-11,-2.169818733364986e-11,-1.8410788703153226e-11,-1.3296333091852067e-39,-3.2873986304966345e-12,-15.804451537338801
-7.25,5.35863e-11,-1.9824856526434235e-11,-1.664830633580231e-11,-1.1551002593032317e-39,-3.1765501906319222e-12,-15.804451537338801
-7.0,4.15831e-11,-1.811010955533581e-11,-1.5044407804568598e-11,-9.970890102981853e-40,-3.0657017507672084e-12,-15.804451537338801
-6.75,2.67706e-11,-1.6540411561125484e-11,-1.3585558250222985e-11,-8.54395172650281e-40,-2.954853310902497e-12,-15.804451537338801
-6.5,1.89724e-11,-1.5103337915848722e-11,-1.225933304481094e-11,-7.258765602395195e-40,-2.8440048710377826e-12,-15.804451537338801
-6.25,1.26038e-11,-1.3787485619560685e-11,-1.1054329188387615e-11,-6.104470951108963e-40,-2.73315643117307e-12,-15.804451537338801
-6.0,9.4227e-12,-1.2582391609087895e-11,-9.960083617779538e-12,-5.070686417816847e-40,-2.6223079913083565e-12,-15.804451537338801
-5.75,6.4708e-12,-1.1478457456007719e-11,-8.966997904564077e-12,-4.147385232591212e-40,-2.511459551443643e-12,-15.804451537338801
-5.5,4.7689e-12,-1.0466879970699746e-11,-8.066268859120816e-12,-3.3246727675445305e-40,-2.400611111578932e-12,-15.804451537338801
-5.25,3.3149e-12,-9.539587269761359e-12,-7.24982459804714e-12,-2.5923147818379025e-40,-2.2897626717142185e-12,-15.804451537338801
-5.0,2.3554e-12,-8.689179915610613e-12,-6.510265683761107e-12,-1.9384971157400204e-40,-2.1789142318495063e-12,-15.804451537338801
-4.75,1.4452e-12,-7.908876859828595e-12,-5.840811067843803e-12,-1.3453161677716588e-40,-2.068065791984792e-12,-15.804451537338801
-4.5,9.432925e-13,-7.192466821894227e-12,-5.235249469774148e-12,-7.533091466864235e-41,-1.9572173521200798e-12,-15.804451537338801
-4.25,5.996871e-13,-6.5343345285604805e-12,-4.687965616305114e-12,-1.0200229835703447e-40,-1.8463689122553655e-12,-15.804451537338801
-4.0,3.903802e-13,-5.929328143330863e-12,-4.193807670940209e-12,-1.5963370464803095e-40,-1.735520472390653e-12,-15.804451537338801
-3.75,1.372696e-13,-5.3728046460081065e-12,-3.7481326134821655e-12,-2.212692795070144e-40,-1.624672032525941e-12,-15.804451537338801
-3.5,9.59233e-14,-4.860572117952418e-12,-3.34674852529119e-12,-2.8988418876680276e-40,-1.5138235926612277e-12,-15.804451537338801
-3.25,2.54115e-14,-4.38883962936744e-12,-2.9858644765709243e-12,-3.668987537718953e-40,-1.4029751527965153e-12,-15.804451537338801
-3.0,-3.112657e-13,-3.95419762664584e-12,-2.662070913714039e-12,-4.534008349139244e-40,-1.2921267129318014e-12,-15.804451537338801
-2.75,-4.5601e-14,-3.5536019705107467e-12,-2.3723236974436575e-12,-5.503904885683599e-40,-1.1812782730670893e-12,-15.804451537338801
-2.5,7.33967e-14,-3.1843613131119516e-12,-2.1139314799095763e-12,-6.58859121901802e-40,-1.070429833202375e-12,-15.804451537338801
-2.25,4.88036e-14,-2.8441278144157542e-12,-1.8845464210780916e-12,-7.798227864620755e-40,-9.595813933376622e-13,-15.804451537338801
-2.0,-1.015524e-13,-2.5308912673388114e-12,-1.6821583138658618e-12,-9.143391597676127e-40,-8.487329534729495e-13,-15.804451537338801
-1.75,-2.230171e-13,-2.2429767377457396e-12,-1.5050922241375021e-12,-1.0635177521886647e-39,-7.378845136082374e-13,-15.804451537338801
-1.5,3.04684e-14,-1.9790458562134307e-12,-1.3520097824699065e-12,-1.228526996562482e-39,-6.270360737435244e-13,-15.804451537338801
-1.25,-6.97053e-14,-1.7381019287570632e-12,-1.2219142948782516e-12,-1.410599806777946e-39,-5.161876338788116e-13,-15.804451537338801
-1.0,-1.784002e-13,-1.5194990650182417e-12,-1.1141598710041434e-12,-1.6110383608855807e-39,-4.0533919401409847e-13,-15.804451537338801
-0.75,-3.788501e-13,-1.3229555553070102e-12,-1.0284648011576255e-12,-1.8312184966950082e-39,-2.944907541493845e-13,-15.804451537338801
-0.5,4.73721e-14,-1.1485717626836345e-12,-9.649294483989625e-13,-2.0725939320446352e-39,-1.8364231428467204e-13,-15.804451537338801
-0.25,-2.246412e-13,-9.968528332001524e-13,-9.240589587801938e-13,-2.336700432429885e-39,-7.279387441995855e-14,-15.804451537338801
0.0,-2.45361e-13,4.094051491159255e-13,0.0,3.7135058367117246e-13,3.8054565444753074e-14,-15.804451537338801
0.25,-2.741196e-13,1.2807614719168758e-12,9.013330820761815e-13,2.3069324215133064e-13,1.4873514768936379e-13,-15.760598645371548
0.5,-3.022379e-13,1.1731627182215838e-12,8.231813043895673e-13,9.193175238751623e-14,2.5804966144450033e-13,-15.359859638540817
0.75,-2.939467e-13,1.13367676217707e-12,7.386224970272348e-13,2.838622578545018e-14,3.666680393643851e-13,-14.777254776831557
1.0,-3.256465e-13,1.1289610103283823e-12,6.481789814352197e-13,6.321310715640195e-15,4.744607181775225e-13,-13.978935587089726
1.25,-2.92595e-13,1.1690167042973749e-12,5.857228836668073e-13,1.2261230886242411e-15,5.820676975419435e-13,-13.132102318225835
1.5,-3.842566e-13,1.2320046172832416e-12,5.422964652216545e-13,2.0376233911954337e-16,6.895043897224674e-13,-12.240781432569243
1.75,-4.29687e-13,1.3284778089557548e-12,5.311039444713167e-13,3.56109085593747e-17,7.973382535758788e-13,-11.453221856365861
2.0,-6.957439e-13,1.4462843489559184e-12,5.408015476543748e-13,6.3466120896666175e-18,9.054764546894539e-13,-10.745170550227385
2.25,-7.248421e-13,1.5352593713810536e-12,5.225793333769626e-13,6.442430031764035e-19,1.012679393761088e-12,-9.792781541331065
2.5,-5.852308e-13,1.6357364077151321e-12,5.156612919037384e-13,5.716739624640225e-20,1.1200750586439976e-12,-8.890742252489058
2.75,-6.896741e-13,1.7214502389555166e-12,4.944719376535949e-13,2.7783111928679895e-21,1.2269782985236104e-12,-7.860056671281509
3.0,-8.102244e-13,1.877482629417205e-12,5.416382799800815e-13,3.138603508557007e-22,1.3358443491232635e-12,-7.342156428060868
3.25,-9.473983e-13,1.9711328010193356e-12,5.281865709772899e-13,5.572287529630378e-24,1.4429462300364736e-12,-6.363365921865548
3.5,-1.0878e-12,2.0814320840590542e-12,5.309325400723202e-13,2.5603644727251167e-26,1.5504995439867086e-12,-5.502512535182432
3.75,-1.2874e-12,2.170049787234613e-12,5.126083980084989e-13,5.802268157638241e-26,1.657441389226056e-12,-4.481912624609102
4.0,-1.5745e-12,2.3047303925517094e-12,5.39058288837457e-13,4.945470543782286e-24,1.765672103709307e-12,-3.7980304851931623
4.25,-1.9015e-12,2.39206442893344e-12,5.194909282594449e-13,3.296288338834311e-22,1.8725735003443664e-12,-2.7668633553717985
4.5,-2.8518e-12,2.509482170289582e-12,5.291832713349079e-13,5.775885013227895e-21,1.980298893178789e-12,-1.950965668129058
4.75,-4.2229e-12,2.606514553040429e-12,5.191065340645921e-13,9.692510458706761e-20,2.087407922050732e-12,-0.9740425699305575
5.0,-5.9038e-12,2.7349605001940883e-12,5.396097253301728e-13,8.018262997023144e-19,2.1953499730376157e-12,-0.2147469395255412
5.25,-1.24506e-11,2.8545068138880986e-12,5.515816357042696e-13,6.611356982474047e-18,2.3029185668268465e-12,0.6421145811444104
5.5,-2.90187e-11,2.9966141164143904e-12,5.856127659414811e-13,3.8458779858268817e-17,2.410962891693051e-12,1.3746911065235095
5.75,-5.5206e-11,3.1111755445187563e-12,5.930762501924135e-13,3.244309397135833e-16,2.517774863386629e-12,2.429220549569295
6.0,-1.029157e-10,3.2809230830059373e-12,6.535859932244316e-13,1.538095505699892e-15,2.6257989942758058e-12,3.1670727621197288
6.25,-1.608126e-10,3.4678612310355957e-12,7.262322122323183e-13,8.432884351607933e-15,2.7331961344516697e-12,4.068726629897664
6.5,-2.316351e-10,3.726517045159023e-12,8.462119988232589e-13,3.9479304146003094e-14,2.840825742189761e-12,4.909648224180935
6.75,-3.75288e-10,4.114828526434599e-12,1.0230683827543207e-12,1.4269318062502758e-13,2.9490669630552506e-12,5.590785565684131
7.0,-6.157396e-10,5.257556594570667e-12,1.3252656365197146e-12,8.768598380702539e-13,3.055431119980698e-12,6.762306853581124
7.25,-8.639535e-10,8.248025301940166e-12,1.7450258379203167e-12,3.339845625735249e-12,3.163153838284601e-12,7.578903263335745
7.5,-1.2674e-09,1.6965568329086215e-11,2.322633489256901e-12,1.1371816543462257e-11,3.271118296367057e-12,8.332345028179699
7.75,-2.0226e-09,5.4464713388949454e-11,3.2992482993809e-12,4.7787273413988923e-11,3.3781916755796298e-12,9.318581618730315
8.0,-3.0518e-09,1.8176438970287488e-10,4.651265249275891e-12,1.7362748957021845e-10,3.48563488338053e-12,10.20820029512024
8.25,-4.5241e-09,4.6299227382609347e-10,6.109377813584187e-12,4.532886903069392e-10,3.594205705570015e-12,10.803229116530149
8.5,-8.7346e-09,1.7798842055690247e-09,8.962604411507376e-12,1.7672204776613878e-09,3.7011234961295766e-12,11.830113324910778
8.75,-1.16194e-08,5.877445890461862e-09,1.2694749182069626e-11,5.860942602575834e-09,3.808538703958984e-12,12.72704700865166
9.0,-1.67453e-08,1.952232048706238e-08,1.807894439623869e-11,1.9500325724769204e-08,3.915817896939892e-12,13.65951464344835
9.25,-2.59294e-08,2.613459235227766e-08,2.473739672236594e-11,2.610583135526366e-08,4.02360029163473e-12,14.460520564531352
9.5,-4.13482e-08,2.614393823834844e-08,3.3975634699848166e-11,2.610583135526366e-08,4.131248384933784e-12,15.296612796243185
9.25,-3.75224e-08,2.6140669822518794e-08,3.0818067310070177e-11,2.610583135526366e-08,4.02039994506907e-12,15.296612796243185
9.0,-3.06008e-08,2.6137680367028018e-08,2.7939460259155648e-11,2.610583135526366e-08,3.9095515052043576e-12,15.296612796243185
8.75,-2.42547e-08,2.613494620725117e-08,2.531614892217078e-11,2.610583135526366e-08,3.798703065339644e-12,15.296612796243185
8.5,-1.87059e-08,2.613244562553027e-08,2.2926415641139683e-11,2.610583135526366e-08,3.6878546254749315e-12,15.296612796243185
8.25,-1.49223e-08,2.613015869504953e-08,2.0750333600265116e-11,2.610583135526366e-08,3.577006185610219e-12,15.296612796243185
8.0,-1.10291e-08,2.391103340078321e-08,1.876962286309951e-11,2.3888797620174367e-08,3.4661577457455053e-12,15.296612796243185
7.75,-8.439e-09,1.7253987308034036e-08,1.696751766059514e-11,1.723366448106756e-08,3.355309305880793e-12,15.296612796243185
7.5,-6.5918e-09,1.2423645864978171e-08,1.5328644083796084e-11,1.2405072760028359e-08,3.2444608660160792e-12,15.296612796243185
7.25,-5.2496e-09,8.926188881085522e-09,1.3838907395425719e-11,8.909216361263943e-09,3.133612426151367e-12,15.296612796243185
7.0,-4.0049e-09,6.39928474409115e-09,1.2485388231054892e-11,6.383776591873808e-09,3.0227639862866527e-12,15.296612796243185
6.75,-2.8406e-09,4.5776107258771424e-09,1.1256247013169103e-11,4.563442563317551e-09,2.911915546421941e-12,15.296612796243185
6.5,-2.1706e-09,3.2672764368310394e-09,1.0140635950530992e-11,3.2543347337739512e-09,2.801067106557227e-12,15.296612796243185
6.25,-1.6734e-09,2.3268869145218536e-09,9.128618041020323e-12,2.3150680778141406e-09,2.690218666692515e-12,15.296612796243185
6.0,-1.2556e-09,1.6535483860051798e-09,8.211092538896411e-12,1.6427579232394556e-09,2.579370226827803e-12,15.296612796243185
5.75,-9.446192e-10,1.1725466986006462e-09,7.379726387558166e-12,1.162698450426125e-09,2.4685217869630894e-12,15.296612796243185
5.5,-6.94736e-10,8.297496297296703e-10,6.626891157108233e-12,8.207650652254638e-10,2.3576733470983767e-12,15.296612796243185
5.25,-5.056253e-10,5.860255377123361e-10,5.9456050644185405e-12,5.778331077406839e-10,2.2468249072336633e-12,15.296612796243185
5.0,-3.509725e-10,4.131516939204776e-10,5.3294796998968386e-12,4.0568623775321184e-10,2.1359764673689502e-12,15.296612796243185
4.75,-2.557643e-10,2.908210103025172e-10,4.7726711827946885e-12,2.840232110922183e-10,2.0251280275042367e-12,15.296612796243185
4.5,-1.767845e-10,2.0445701036989656e-10,4.269836036303374e-12,1.9827289474595366e-10,1.9142795876395257e-12,15.296612796243185
4.25,-1.203296e-10,1.4362235764871094e-10,3.81614344717911e-12,1.3800278305375702e-10,1.8034311477748112e-12,15.296612796243185
4.0,-8.12169e-11,1.0086218821946024e-10,3.407197872544482e-12,9.576240763900567e-11,1.6925827079100988e-12,15.296612796243185
3.75,-5.2245e-11,7.086549084742024e-11,3.0390257685041654e-12,6.62447308108707e-11,1.5817342680453857e-12,15.296612796243185
3.5,-3.21559e-11,4.98584801186268e-11,2.7080676729565804e-12,4.5679526617489554e-11,1.4708858281806726e-12,15.296612796243185
3.25,-1.96015e-11,3.516678053525174e-11,2.4111151223080654e-12,3.139562802462772e-11,1.3600373883159598e-12,15.296612796243185
3.0,-1.24079e-11,2.490029231168971e-11,2.145294074211343e-12,2.1505809289027126e-11,1.2491889484512457e-12,15.296612796243185
2.75,-7.5174e-12,1.7726911138618307e-11,1.908051913344605e-12,1.4680518716687167e-11,1.138340508586534e-12,15.296612796243185
2.5,-3.9771e-12,1.2710468194252823e-11,1.6971475789671575e-12,9.985828546563843e-12,1.0274920687218212e-12,15.296612796243185
2.25,-2.1132e-12,9.194971515652551e-12,1.5106448065490963e-12,6.767683080246348e-12,9.16643628857108e-13,15.296612796243185
2.0,-1.0418e-12,6.722145179531964e-12,1.3469085582139658e-12,4.5694414323256036e-12,8.05795188992395e-13,15.296612796243185
1.75,-4.005795e-13,4.9728527616389794e-12,1.2046047550781836e-12,3.0733012574331134e-12,6.94946749127682e-13,15.296612796243185
1.5,-1.745637e-13,3.725607473144612e-12,1.08270345506e-12,2.0588057088216427e-12,5.840983092629692e-13,15.296612796243185
1.25,5.01748e-14,2.8272729519746163e-12,9.804856492823963e-13,1.3735374332939637e-12,4.73249869398256e-13,15.296612796243185
1.0,7.64001e-14,2.17243759899889e-12,8.975538806370994e-13,9.124822888282472e-13,3.624014295335432e-13,15.296612796243185
0.75,1.001286e-13,1.6889427409745375e-12,8.338469200682897e-13,6.035428312374177e-13,2.5155298966883024e-13,15.296612796243185
0.5,1.559759e-13,1.3277644759016494e-12,7.896587700151655e-13,3.9740115608236695e-13,1.407045498041171e-13,15.296612796243185
0.25,1.910554e-13,1.0559668264516908e-12,7.656623004648293e-13,2.6044841604745696e-13,2.985610993940462e-14,15.296612796243185
0.0,2.280248e-13,8.887751961772467e-14,0.0,1.6986984954303338e-13,-8.09923299253087e-14,15.296612796243185
