voltage_v,experimental_current_a,model_total_a,model_pf_a,model_thermionic_a,polarization_uc_cm2
0.0,3.64095e-14,-3.404232859178898e-14,-1.5899976129916293e-16,-3.388332883048982e-14,0.34009276282656925
-0.25,3.41051e-14,-8.755232247032622e-14,-9.223844575523356e-16,-8.662993801277388e-14,0.34009276282656925
-0.5,1.234048e-13,-1.5127034398708902e-13,-2.5800984715422457e-15,-1.4869024551554677e-13,0.34009276282656925
-0.75,1.338367e-13,-2.3700393421590233e-13,-5.567646763552824e-15,-2.314362874523495e-13,0.34009276282656925
-1.0,3.538931e-13,-3.5022996171958386e-13,-1.0452140461007205e-14,-3.3977782125857666e-13,0.34009276282656925
-1.25,3.209781e-13,-4.972207642483373e-13,-1.795633755424512e-14,-4.792644266940922e-13,0.34009276282656925
-1.5,1.11847e-13,-6.852653432036724e-13,-2.898854192501562e-14,-6.562768012786568e-13,0.34009276282656925
-1.75,1.133132e-13,-9.228403777230785e-13,-4.467739597324826e-14,-8.781629817498302e-13,0.34009276282656925
-2.0,2.59303e-13,-1.2197820227383852e-12,-6.641189755918508e-14,-1.1533701251792002e-12,0.34009276282656925
-2.25,9.20097e-14,-1.587471029532099e-12,-9.588720280684728e-14,-1.491583826725252e-12,0.34009276282656925
-2.5,2.247426e-13,-2.0390362064485094e-12,-1.3515687763587463e-13,-1.9038793288126348e-12,0.34009276282656925
-2.75,2.355091e-13,-2.5895793271621055e-12,-1.8669233991422893e-13,-2.402886987247877e-12,0.34009276282656925
-3.0,2.527495e-13,-3.2564240860692242e-12,-2.5345031160504265e-13,-3.002973774464182e-12,0.34009276282656925
-3.25,3.983859e-13,-4.059391627762628e-12,-3.3894918173170863e-13,-3.720442446030919e-12,0.34009276282656925
-3.5,3.885232e-13,-5.021105266793131e-12,-4.4735526838818817e-13,-4.573749998404943e-12,0.34009276282656925
-3.75,3.191865e-13,-6.167327175726035e-12,-5.835800623909869e-13,-5.583747113335049e-12,0.34009276282656925
-4.0,4.737446e-13,-7.527330021603604e-12,-7.533896372340146e-13,-6.77394038436959e-12,0.34009276282656925
-4.25,5.273173e-13,-9.134306760964327e-12,-9.635275204189136e-13,-8.170779240545414e-12,0.34009276282656925
-4.5,5.80208e-13,-1.1025822056832628e-11,-1.2218524406374592e-12,-9.80396961619517e-12,0.34009276282656925
-4.75,7.698526e-13,-1.2771692414059213e-11,-1.4692153943572488e-12,-1.1302477019701963e-11,0.1634843319677963
-5.0,9.875052e-13,-1.3398428081660665e-11,-1.5598714803725988e-12,-1.1838556601288067e-11,-0.48549349328943087
-5.25,1.3257e-12,-1.332006533730715e-11,-1.548485836053029e-12,-1.1771579501254123e-11,-1.3961117136139765
-5.5,1.5421e-12,-1.3988135870353459e-11,-1.6460034608245433e-12,-1.2342132409528916e-11,-2.0386759783206942
-5.75,2.2889e-12,-1.3622543352258323e-11,-1.5925123596681447e-12,-1.2030030992590179e-11,-3.0504541148554156
-6.0,1.9781e-12,-1.4240195698572878e-11,-1.683056738340301e-12,-1.2557138960232577e-11,-3.7149034738842226
-6.25,2.3602e-12,-1.4058661523721377e-11,-1.656356737593906e-12,-1.2402304786127472e-11,-4.659988277861243
-6.5,3.0564e-12,-1.4290055414071495e-11,-1.6904027391997313e-12,-1.2599652674871764e-11,-5.461705457884376
-6.75,3.6799e-12,-1.4967379595665784e-11,-1.7907243836078823e-12,-1.3176655212057902e-11,-6.114992603226643
-7.0,4.4193e-12,-1.3958288390245568e-11,-1.6416251312618844e-12,-1.2316663258983683e-11,-7.34117912167359
-7.25,8.9524e-12,-1.4123306175928323e-11,-1.6658563429750548e-12,-1.2457449832953268e-11,-8.165456933011747
-7.5,1.09581e-11,-1.522709588352379e-11,-1.8294481101992837e-12,-1.3397647773324506e-11,-8.675671128702945
-7.75,9.6035e-12,-1.5373989555327604e-11,-1.851411349193639e-12,-1.3522578206133967e-11,-9.509967753608185
-8.0,1.34826e-11,-1.5200289491179155e-11,-1.8254448350689165e-12,-1.337484465611024e-11,-10.448426148458477
-8.25,1.91266e-11,-1.4909065864802822e-11,-1.7820490448636288e-12,-1.3127016819939196e-11,-11.42634634214083
-8.5,3.62616e-11,-1.4895756661344688e-11,-1.7800700296883227e-12,-1.3115686631656367e-11,-12.312771552385854
-8.75,8.20693e-11,-1.5373145530091924e-11,-1.851285026681056e-12,-1.3521860503410868e-11,-13.038253146564458
-9.0,1.373866e-10,-1.502910154826516e-11,-1.799914484261471e-12,-1.3229187064003688e-11,-14.03262618081833
-9.25,2.775039e-10,-1.548654774599099e-11,-1.86827050336097e-12,-1.3618277242630022e-11,-14.765697200348017
-9.5,6.294106e-10,-1.5005411495694505e-11,-1.7963862128934854e-12,-1.320902528280102e-11,-15.804451537338801
-9.25,5.328221e-10,-1.2531616236836862e-11,-1.434738793373574e-12,-1.1096877443463287e-11,-15.804451537338801
-9.0,4.357024e-10,-1.0417467188010369e-11,-1.1375950126506764e-12,-9.279872175359692e-12,-15.804451537338801
-8.75,2.985269e-10,-8.616825760525353e-12,-8.948433766682703e-13,-7.721982383857083e-12,-15.804451537338801
-8.5,2.499255e-10,-7.0887962795280405e-12,-6.977595649170532e-13,-6.391036714610988e-12,-15.804451537338801
-8.25,1.892083e-10,-5.7971952933869585e-12,-5.388398589516744e-13,-5.2583554344352845e-12,-15.804451537338801
-8.0,1.306524e-10,-4.710069017486236e-12,-4.1165214555369933e-13,-4.298416871932536e-12,-15.804451537338801
-7.75,9.89885e-11,-3.79925496999326e-12,-3.1070285515232917e-13,-3.4885521148409314e-12,-15.804451537338801
-7.5,7.36117e-11,-3.039984147184904e-12,-2.313183323135387e-13,-2.8086658148713653e-12,-15.804451537338801
-7.25,5.35863e-11,-2.4105203543432155e-12,-1.695392611599243e-13,-2.240981093183291e-12,-15.804451537338801
-7.0,4.15831e-11,-1.8918335546852884e-12,-1.2202688518080786e-13,-1.7698066695044804e-12,-15.804451537338801
-6.75,2.67706e-11,-1.4673043210527168e-12,-8.597986869484728e-14,-1.3813244523578696e-12,-15.804451537338801
-6.5,1.89724e-11,-1.1224566667913209e-12,-5.906074687918691e-14,-1.0633959199121338e-12,-15.804451537338801
-6.25,1.26038e-11,-8.447166769031585e-13,-3.933100344384662e-14,-8.053856734593118e-13,-15.804451537338801
-6.0,9.4227e-12,-6.231944145275001e-13,-2.5193900489856324e-14,-5.980005140376437e-13,-15.804451537338801
-5.75,6.4708e-12,-4.4848641714845226e-13,-1.53442650409354e-14,-4.3314215210751685e-13,-15.804451537338801
-5.5,4.7689e-12,-3.124953270288246e-13,-8.724513794304487e-15,-3.0377081323452007e-13,-15.804451537338801
-5.25,3.3149e-12,-2.0826034640370194e-13,-4.4862798043679765e-15,-2.0377406659933397e-13,-15.804451537338801
-5.0,2.3554e-12,-1.2978030595656864e-13,-1.9571250367680314e-15,-1.278231809198006e-13,-15.804451537338801
-4.75,1.4452e-12,-7.174194249973436e-14,-6.121733595519118e-16,-7.112976914018244e-14,-15.804451537338801
-4.5,9.432925e-13,-2.8102898453293013e-14,-5.334098061309714e-17,-2.8049557472679912e-14,-15.804451537338801
-4.25,5.996871e-13,-4.5400638609237056e-14,2.191158433610736e-16,-4.561975445259813e-14,-15.804451537338801
-4.0,3.903802e-13,-9.252269439005018e-14,1.077132935338294e-15,-9.359982732538847e-14,-15.804451537338801
-3.75,1.372696e-13,-1.551751112288768e-13,2.8785704141655817e-15,-1.5805368164304238e-13,-15.804451537338801
-3.5,9.59233e-14,-2.377242281295866e-13,6.0748320488604066e-15,-2.43799060178447e-13,-15.804451537338801
-3.25,2.54115e-14,-3.4455960250524777e-13,1.1251506274993522e-14,-3.558111087802413e-13,-15.804451537338801
-3.0,-3.112657e-13,-4.805841677952732e-13,1.9153388178082747e-14,-4.997375559733558e-13,-15.804451537338801
-2.75,-4.5601e-14,-6.51360917624262e-13,3.071500716417111e-14,-6.820759247884331e-13,-15.804451537338801
-2.5,7.33967e-14,-8.632117771046008e-13,4.7096063931521406e-14,-9.103078410361223e-13,-15.804451537338801
-2.25,4.88036e-14,-1.1233092255235776e-12,6.972215591831341e-14,-1.193031381441891e-12,-15.804451537338801
-2.0,-1.015524e-13,-1.439770371953301e-12,1.0033136887794338e-13,-1.5401017408312444e-12,-15.804451537338801
-1.75,-2.230171e-13,-1.8217567500638543e-12,1.4102740809983232e-13,-1.962784158163687e-12,-15.804451537338801
-1.5,3.04684e-14,-2.27958132584986e-12,1.9434002101674601e-13,-2.473921346866606e-12,-15.804451537338801
-1.25,-6.97053e-14,-2.8248236340916343e-12,2.6329354074388723e-13,-3.0881171748355215e-12,-15.804451537338801
-1.0,-1.784002e-13,-3.4704537523846003e-12,3.514844622313019e-13,-3.821938214615902e-12,-15.804451537338801
-0.75,-3.788501e-13,-4.230965746783907e-12,4.631690509607843e-13,-4.6941347977446915e-12,-15.804451537338801
-0.5,4.73721e-14,-5.122521200633785e-12,6.033620794376278e-13,-5.725883280071412e-12,-15.804451537338801
-0.25,-2.246412e-13,-6.163103438098859e-12,7.779478898274822e-13,-6.941051327926341e-12,-15.804451537338801
0.0,-2.45361e-13,3.055779011411317e-11,9.938050926176616e-13,2.9563985021495515e-11,-15.804451537338801
0.25,-2.741196e-13,3.468908777707976e-11,1.2444620507348406e-12,3.3444625726344915e-11,-15.760598645371548
0.5,-3.022379e-13,2.7634705222595655e-11,1.4115351799252114e-12,2.622317004267044e-11,-15.359859638540817
0.75,-2.939467e-13,2.0744900943358995e-11,1.5249209817436785e-12,1.9219979961615318e-11,-14.777254776831557
1.0,-3.256465e-13,1.4478883205367376e-11,1.5579819071682435e-12,1.2920901298199132e-11,-13.978935587089726
1.25,-2.92595e-13,9.946903019314313e-12,1.5720596704646964e-12,8.374843348849618e-12,-13.132102318225835
1.5,-3.842566e-13,6.779190866398651e-12,1.5683193194467374e-12,5.2108715469519134e-12,-12.240781432569243
1.75,-4.29687e-13,4.892274143565835e-12,1.6065884999010179e-12,3.285685643664817e-12,-11.453221856365861
2.0,-6.957439e-13,3.7617044614536656e-12,1.6791858834959394e-12,2.082518577957726e-12,-10.745170550227385
2.25,-7.248421e-13,2.7868999767286384e-12,1.6494771902227047e-12,1.137422786505934e-12,-9.792781541331065
2.5,-5.852308e-13,2.2406355871222094e-12,1.6411036280023282e-12,5.995319591198813e-13,-8.890742252489058
2.75,-6.896741e-13,1.8496128117008646e-12,1.5801031468336698e-12,2.695096648671946e-13,-7.860056671281509
3.0,-8.102244e-13,1.8845062361376043e-12,1.7330847144843912e-12,1.5142152165321295e-13,-7.342156428060868
3.25,-9.473983e-13,1.7433804900481707e-12,1.6912221716061537e-12,5.215831844201707e-14,-6.363365921865548
3.5,-1.0878e-12,1.712862267049236e-12,1.7002945479276517e-12,1.2567719121584379e-14,-5.502512535182432
3.75,-1.2874e-12,1.6572006436242096e-12,1.6415982116152839e-12,1.5602432008925862e-14,-4.481912624609102
4.0,-1.5745e-12,1.776592250060238e-12,1.7260538533380503e-12,5.0538396722187887e-14,-3.7980304851931623
4.25,-1.9015e-12,1.8155254300952539e-12,1.662128706699517e-12,1.533967233957368e-13,-2.7668633553717985
4.5,-2.8518e-12,2.0172461920878853e-12,1.6902018387635934e-12,3.270443533242922e-13,-1.950965668129058
4.75,-4.2229e-12,2.3393579712033685e-12,1.6500184290930462e-12,6.893395421103225e-13,-0.9740425699305575
5.0,-5.9038e-12,2.907289861019368e-12,1.702123984634408e-12,1.20516587638496e-12,-0.2147469395255412
5.25,-1.24506e-11,3.818115442178299e-12,1.7129733893130305e-12,2.1051420528652684e-12,0.6421145811444104
5.5,-2.90187e-11,5.131899002991928e-12,1.7786960138317608e-12,3.3532029891601672e-12,1.3746911065235095
5.75,-5.5206e-11,7.595728383764294e-12,1.7030028764323195e-12,5.8927255073319746e-12,2.429220549569295
6.0,-1.029157e-10,1.0658173363037038e-11,1.7660507667455317e-12,8.892122596291506e-12,3.1670727621197288
6.25,-1.608126e-10,1.5701292901652485e-11,1.757339160715574e-12,1.3943953740936912e-11,4.068726629897664
6.5,-2.316351e-10,2.274709777068355e-11,1.7755939664186985e-12,2.0971503804264855e-11,4.909648224180935
6.75,-3.75288e-10,3.132275080296231e-11,1.867228190578977e-12,2.945552261238333e-11,5.590785565684131
7.0,-6.157396e-10,4.934040136507504e-11,1.7364034396178866e-12,4.7603997925457155e-11,6.762306853581124
7.25,-8.639535e-10,6.956040673851343e-11,1.765244582485779e-12,6.779516215602767e-11,7.578903263335745
7.5,-1.2674e-09,9.555348772906568e-11,1.823141599783481e-12,9.373034612928219e-11,8.332345028179699
7.75,-2.0226e-09,1.3877627477717612e-10,1.776077016263494e-12,1.370001977609126e-10,9.318581618730315
8.0,-3.0518e-09,1.9446267914211128e-10,1.7726798824987988e-12,1.9268999925961249e-10,10.20820029512024
8.25,-4.5241e-09,2.5024332478386477e-10,1.9046442067715524e-12,2.483386805770932e-10,10.803229116530149
8.5,-8.7346e-09,3.576937015089841e-10,1.8369977889350048e-12,3.558567037200491e-10,11.830113324910778
8.75,-1.16194e-08,4.904100352839531e-10,1.8301460873949816e-12,4.885798891965582e-10,12.72704700865166
9.0,-1.67453e-08,6.731827405640637e-10,1.8071508970952559e-12,6.713755896669685e-10,13.65951464344835
9.25,-2.59294e-08,8.890951412186513e-10,1.844181311178694e-12,8.872509599074726e-10,14.460520564531352
9.5,-4.13482e-08,1.1772302182144293e-09,1.865460661671524e-12,1.175364757552758e-09,15.296612796243185
9.25,-3.75224e-08,1.0831814420660184e-09,1.4916679155512934e-12,1.081689774150467e-09,15.296612796243185
9.0,-3.06008e-08,9.961464979777095e-10,1.1842586615334842e-12,9.94962239316176e-10,15.296612796243185
8.75,-2.42547e-08,9.156356051366149e-10,9.328663178091309e-13,9.147027388188058e-10,15.296612796243185
8.5,-1.87059e-08,8.411911921524978e-10,7.285418262675333e-13,8.404626503262303e-10,15.296612796243185
8.25,-1.49223e-08,7.72385884998327e-10,5.635839032467772e-13,7.718223010950802e-10,15.296612796243185
8.0,-1.10291e-08,7.088206156279848e-10,4.313871594826575e-13,7.083892284685021e-10,15.296612796243185
7.75,-8.439e-09,6.501228442480088e-10,3.2630642552539303e-13,6.497965378224835e-10,15.296612796243185
7.5,-6.5918e-09,5.95944888619925e-10,2.4353575689878174e-13,5.957013528630262e-10,15.296612796243185
7.25,-5.2496e-09,5.459623541466947e-10,1.79000721011931e-13,5.457833534256829e-10,15.296612796243185
7.0,-4.0049e-09,4.998726588533298e-10,1.2926268599912241e-13,4.997433961673306e-10,15.296612796243185
6.75,-2.8406e-09,4.5739364770781054e-10,9.143394092318951e-14,4.573022137668874e-10,15.296612796243185
6.5,-2.1706e-09,4.1826229104610454e-10,6.310257777670243e-14,4.181991884683279e-10,15.296612796243185
6.25,-1.6734e-09,3.82233462165274e-10,4.22661591093003e-14,3.821911960061647e-10,15.296612796243185
6.0,-1.2556e-09,3.49078789431803e-10,2.7273281648204304e-14,3.4905151615015476e-10,15.296612796243185
5.75,-9.446192e-10,3.1858557852132665e-10,1.6772227048582577e-14,3.185688062942781e-10,15.296612796243185
5.5,-6.94736e-10,2.9055580066180155e-10,9.665968139399865e-15,2.9054613469366213e-10,15.296612796243185
5.25,-5.056253e-10,2.6480514300329583e-10,5.072879192295864e-15,2.6480007012410357e-10,15.296612796243185
5.0,-3.509725e-10,2.411621175084819e-10,2.292607158737847e-15,2.4115982490132316e-10,15.296612796243185
4.75,-2.557643e-10,2.1946722518729472e-10,7.768352012477503e-16,2.1946644835209347e-10,15.296612796243185
4.5,-1.767845e-10,1.9957217443424924e-10,1.0645712293311422e-16,1.995720679771263e-10,15.296612796243185
4.25,-1.203296e-10,1.8133903451469728e-10,-1.4117136917678912e-16,1.8133917568606648e-10,15.296612796243185
4.0,-8.12169e-11,1.6463908229207754e-10,-8.7432705284476435e-16,1.6463995661913036e-10,15.296612796243185
3.75,-5.2245e-11,1.4935317222128958e-10,-2.4859760194613253e-15,1.4935565819730905e-10,15.296612796243185
3.5,-3.21559e-11,1.3537059077821616e-10,-5.4063863657575926e-15,1.353759971645819e-10,15.296612796243185
3.25,-1.96015e-11,1.225884058687501e-10,-1.0196632483875277e-14,1.2259860250123397e-10,15.296612796243185
3.0,-1.24079e-11,1.1091091992298365e-10,-1.7572274386513456e-14,1.1092849219737017e-10,15.296612796243185
2.75,-7.5174e-12,1.0024914893373276e-10,-2.843304673625719e-14,1.0027758198046901e-10,15.296612796243185
2.5,-3.9771e-12,9.052032675127128e-11,-4.38974392085324e-14,9.056422419047981e-11,15.296612796243185
2.25,-2.1132e-12,8.164743261015175e-11,-6.534248058003956e-14,8.171277509073179e-11,15.296612796243185
2.0,-1.0418e-12,7.35587397107133e-11,-9.44492824066634e-14,7.365318899311998e-11,15.296612796243185
1.75,-4.005795e-13,6.618738266018172e-11,-1.3325500156466673e-13,6.632063766174637e-11,15.296612796243185
1.5,-1.745637e-13,5.94709415804926e-11,-1.8421196028051483e-13,5.965515354077312e-11,15.296612796243185
1.25,5.01748e-14,5.3351040690028614e-11,-2.5025473966521127e-13,5.360129542969383e-11,15.296612796243185
1.0,7.64001e-14,4.777295915895081e-11,-3.348761439990514e-13,4.810783530294986e-11,15.296612796243185
0.75,1.001286e-13,4.268525202062978e-11,-4.4221302013822e-13,4.3127465040768e-11,15.296612796243185
0.5,1.559759e-13,3.803937889421617e-11,-5.771430104718858e-13,3.8616521904688056e-11,15.296612796243185
0.25,1.910554e-13,3.378933823475597e-11,-7.453934195822359e-13,3.4534731654338206e-11,15.296612796243185
0.0,2.280248e-13,2.1784559109518677e-11,-9.536634848030202e-13,2.2738222594321698e-11,15.296612796243185
