index,segment_index,voltage_v,polarization_uc_cm2,polarization_change_uc_cm2,screening_charge_uc_cm2,fe_field_mv_cm,il_field_mv_cm,residual_mv_cm,converged,used_fallback,j_total_uA_per_um2,j_thermionic_uA_per_um2,j_tunneling_uA_per_um2,j_pf_uA_per_um2,j_tat_uA_per_um2,j_sclc_uA_per_um2,top_barrier_ev,bottom_barrier_ev,tunneling_transmission,trap_tunneling_transmission
0,0,-20.0,-113.02319117300496,-113.52259964386909,-118.87218197524538,-4.128689529420237,0.0,-0.009291409850975301,1,0,-2.0813621936317623e-13,-2.1386978370145534e-48,-1.3166223073351679e-63,-2.0813621936317623e-13,-1.2344372498776917e-57,0.0,3.137237734706303,3.137237734706303,3.79439778077966e-73,4.813850566685546e-61
1,0,-19.75,-113.02319117300496,0.0,-118.79377313900228,-4.073342247785445,0.0,3.8608244387953765,1,0,-1.9530248956250817e-13,-2.0340933133244036e-48,-1.3390168646688589e-64,-1.9530248956250817e-13,-1.8218900926336835e-58,0.0,3.1385341345032742,3.1385341345032742,3.858937062983138e-74,7.182208507336376e-62
2,0,-19.5,-113.02319117300496,0.0,-118.71536430275918,-4.017994966150653,0.0,3.8331507979779817,1,0,-1.831636285280888e-13,-1.933943778302954e-48,-1.2805337018413542e-65,-1.831636285280888e-13,-2.5451147184612937e-59,0.0,3.1398393721622084,3.1398393721622084,3.690393372048112e-75,1.0143950863361161e-62
3,0,-19.25,-113.02319117300496,0.0,-118.6369554665161,-3.962647684515861,0.0,3.805477157160585,1,0,-1.7168673268864233e-13,-1.838083637056746e-48,-1.1463498764651527e-66,-1.7168673268864233e-13,-3.359260962311713e-60,0.0,3.141153630935313,3.141153630935313,3.3036865644940966e-76,1.353818032576871e-63
4,0,-19.0,-113.02319117300496,0.0,-118.55854663027297,-3.9073004028810545,0.0,3.777803516343181,1,0,-1.6084026002541233e-13,-1.7463526953295143e-48,-9.600133796647463e-68,-1.6084026002541233e-13,-4.191567499775147e-61,0.0,3.142477100496583,3.142477100496583,2.766680024350667e-77,1.7082987205406445e-64
5,0,-18.75,-113.02319117300496,0.0,-118.48013779402989,-3.8519531212462765,0.0,3.7501298755257935,1,0,-1.5059398071216452e-13,-1.658596003865034e-48,-7.465382488868105e-69,-1.5059398071216452e-13,-4.938643729032513e-62,0.0,3.143809977261343,3.143809977261343,2.1514621612150354e-78,2.0357343138401834e-65
6,0,-18.5,-113.02319117300496,0.0,-118.40172895778677,-3.7966058396114706,0.0,3.722456234708389,1,0,-1.4091892933086377e-13,-1.574663706763598e-48,-5.402047917542404e-70,-1.4091892933086377e-13,-5.473339080767361e-63,0.0,3.1451524647265368,3.1451524647265368,1.5568260172862388e-79,2.2821717121583239e-66
7,0,-18.25,-113.02319117300496,0.0,-118.32332012154367,-3.741258557976679,0.0,3.6947825938909946,1,0,-1.3178735861854964e-13,-1.4944108937412716e-48,-3.609809315306991e-71,-1.3178735861854964e-13,-5.676099851724907e-64,0.0,3.1465047738334126,3.1465047738334126,1.040317513893662e-80,2.3943430978576164e-67
8,0,-18.0,-113.02319117300496,0.0,-118.24491128530057,-3.6859112763418866,0.0,3.6671089530735985,1,0,-1.2317269470181156e-13,-1.4176974562004376e-48,-2.2266138451442934e-72,-1.2317269470181156e-13,-5.474502897708049e-65,0.0,3.147867123354459,3.147867123354459,6.416918949040733e-82,2.3365798346834196e-68
9,0,-17.75,-113.02319117300496,0.0,-118.16650244905746,-3.6305639947070807,0.0,3.6305639947070807,1,0,-1.1504949377660977e-13,-1.3443879470246786e-48,-1.2605067088412286e-73,-1.1504949377660977e-13,-4.950690641855512e-66,0.0,3.14923974030658,3.14923974030658,3.632677216570563e-83,2.138266806166311e-69
10,0,-17.5,-113.02319117300496,0.0,-118.08809361281438,-3.5752167130723027,0.0,3.5752167130723027,1,0,-1.0739340019210653e-13,-1.2743514440108693e-48,-6.533497737249625e-75,-1.0739340019210653e-13,-4.140149526042507e-67,0.0,3.1506228603927315,3.1506228603927315,1.8829005992709514e-84,1.809815703030319e-70
11,0,-17.25,-113.02319117300496,0.0,-118.00968477657125,-3.5198694314374968,0.0,3.5198694314374968,1,0,-1.0018110589825587e-13,-1.2074614168539286e-48,-3.0839888234936124e-76,-1.0018110589825587e-13,-3.2101708952682952e-68,0.0,3.1520167284744485,3.1520167284744485,8.887803497343092e-86,1.4204706325984883e-71
12,0,-17.0,-113.02319117300496,0.0,-117.93127594032816,-3.464522149802705,0.0,3.464522149802705,1,0,-9.339031121802002e-14,-1.143595597601884e-48,-1.3232653138411797e-77,-9.339031121802002e-14,-2.290572993265988e-69,0.0,3.153421599077942,3.153421599077942,3.813542382085354e-87,1.0261223559467445e-72
13,0,-16.75,-113.02319117300496,0.0,-117.85286710408505,-3.409174868167899,0.0,3.409174868167899,1,0,-8.699968690590041e-14,-1.0826358544996616e-48,-5.1263748613359113e-79,-8.699968690590041e-14,-1.5043255532999055e-70,0.0,3.1548377369367375,3.1548377369367375,1.4773792976869192e-88,6.8236148407739755e-74
14,0,-16.5,-113.02319117300496,0.0,-117.77445826784196,-3.353827586533121,0.0,3.353827586533121,1,0,-8.098883745566814e-14,-1.0244680691427352e-48,-1.7729764620242115e-80,-8.098883745566814e-14,-9.018777678320021e-72,0.0,3.156265417574115,3.156265417574115,5.109573121615563e-90,4.14291907480035e-75
15,0,-16.25,-113.02319117300496,0.0,-117.69604943159887,-3.2984803048983293,0.0,3.2984803048983293,1,0,-7.533826562094016e-14,-9.68982016862291e-49,-5.521137739367499e-82,-7.533826562094016e-14,-4.910466065580477e-73,0.0,3.157704927929005,3.157704927929005,1.591146729697771e-91,2.2847451737697904e-76
16,0,-16.0,-113.02319117300496,0.0,-117.61764059535575,-3.2431330232635234,0.0,3.2431330232635234,1,0,-7.002933811334875e-14,-9.160712502667775e-49,-1.5185343063818051e-83,-7.002933811334875e-14,-2.432515634190335e-74,0.0,3.1591565670293353,3.1591565670293353,4.37629164421115e-93,1.1465658139180436e-77
17,0,-15.75,-113.02319117300496,0.0,-117.53923175911264,-3.187785741628731,0.0,3.187785741628731,1,0,-6.504425244383122e-14,-8.656329858645482e-49,-3.688206748540869e-85,-6.504425244383122e-14,-1.0838930201183459e-75,0.0,3.160620646717332,3.160620646717332,1.0629110128055502e-94,5.176449259778958e-79
18,0,-15.5,-113.02319117300496,0.0,-117.46082292286954,-3.1324384599939257,0.0,3.1324384599939257,1,0,-6.036600487354588e-14,-8.17567993695083e-49,-7.865139392888393e-87,-6.036600487354588e-14,-4.309992919281313e-77,0.0,3.162097492431746,3.162097492431746,2.2666688306611875e-96,2.0859320524703702e-80
19,0,-15.25,-113.02319117300496,0.0,-117.38241408662645,-3.0770911783591477,0.0,3.0770911783591477,1,0,-5.597835944177703e-14,-7.71780489897771e-49,-1.464713718380326e-88,-5.597835944177703e-14,-1.5320383854527694e-78,0.0,3.163587444052558,3.163587444052558,4.2211851124933325e-98,7.515350127977019e-82
20,0,-15.0,-113.02319117300496,0.0,-117.30400525038336,-3.0217438967243555,0.0,3.0217438967243555,1,0,-5.186581803899486e-14,-7.28178032147625e-49,-2.3486587658879737e-90,-5.186581803899486e-14,-4.824300270474013e-80,0.0,3.1650908568143863,3.1650908568143863,6.768642426491555e-100,2.3991086425982157e-83
21,0,-14.75,-113.02319117300496,0.0,-117.22559641414023,-2.966396615089549,0.0,2.966396615089549,1,0,-4.8013591494155856e-14,-6.866714178906572e-49,-3.225235657486452e-92,-4.8013591494155856e-14,-1.333682564139421e-81,0.0,3.166608102295536,3.166608102295536,9.2948653179265e-102,6.724907736486209e-85
22,0,-14.5,-113.02319117300496,0.0,-117.14718757789716,-2.911049333454771,0.0,2.911049333454771,1,0,-4.440757164605393e-14,-6.471745853111392e-49,-3.7701721471385123e-94,-4.440757164605393e-14,-3.223008750112448e-83,0.0,3.1681395694905055,3.1681395694905055,1.0865327701468106e-103,1.6481555078035534e-86
23,0,-14.25,-113.02319117300496,0.0,-117.06877874165403,-2.855702051819965,0.0,2.855702051819965,1,0,-4.10343043693713e-14,-6.0960451696577175e-49,-3.7117446738530683e-96,-4.10343043693713e-14,-6.732828601675534e-85,0.0,3.169685665974712,3.169685665974712,1.0696944503237503e-105,3.492400870807697e-88
24,0,-14.0,-113.02319117300496,0.0,-116.99036990541093,-2.8003547701851734,0.0,2.8003547701851734,1,0,-3.7880963526873965e-14,-5.7388114602064524e-49,-3.04489190960318e-98,-3.7880963526873965e-14,-1.2101163781096177e-86,0.0,3.1712468191713175,3.1712468191713175,8.775129389913264e-108,6.368439007870071e-90
25,0,-13.75,-113.02319117300496,0.0,-116.91196106916784,-2.7450074885503812,0.0,2.7450074885503812,1,0,-3.4935325819885634e-14,-5.3992726502813506e-49,-2.0524597324287878e-100,-3.4935325819885634e-14,-1.846521290097423e-88,0.0,3.172823477731319,3.172823477731319,5.91502104322533e-110,9.861242177714177e-92
26,0,-13.5,-113.02319117300496,0.0,-116.83355223292472,-2.6896602069155753,0.0,2.6896602069155753,1,0,-3.218574650998339e-14,-5.076684371825519e-49,-1.127010146731694e-102,-3.218574650998339e-14,-2.375289476890483e-90,0.0,3.174416113039525,3.174416113039525,3.247951045528115e-112,1.2875383334424396e-93
27,0,-13.25,-113.02319117300496,0.0,-116.75514339668163,-2.6343129252807973,0.0,2.6343129252807973,1,0,-2.962113598554182e-14,-4.770329099944133e-49,-4.975278122974437e-105,-2.962113598554182e-14,-2.542538483785629e-92,0.0,3.1760252208607436,3.1760252208607436,1.4338344537686798e-114,1.39918523036328e-95
28,0,-13.0,-113.02319117300496,0.0,-116.67673456043852,-2.578965643645992,0.0,2.578965643645992,1,0,-2.723093714745005e-14,-4.479515313244202e-49,-1.740913637656573e-107,-2.723093714745005e-14,-2.2449952913762806e-94,0.0,3.177651323142485,3.177651323142485,5.017170684752457e-117,1.2545497861159916e-97
29,0,-12.75,-113.02319117300496,0.0,-116.59832572419542,-2.5236183620111996,0.0,2.5236183620111996,1,0,-2.5005103589057638e-14,-4.2035766771996834e-49,-4.752847403185149e-110,-2.5005103589057638e-14,-1.6105206257838383e-96,0.0,3.179294969992743,3.179294969992743,1.3697317399650584e-119,9.141288643214984e-100
30,0,-12.5,-113.02319117300496,0.0,-116.51991688795232,-2.468271080376408,0.0,2.468271080376408,1,0,-2.2934078546013024e-14,-3.941871249973521e-49,-9.978402566382623e-113,-2.2934078546013024e-14,-9.262354293313647e-99,0.0,3.1809567418541143,3.1809567418541143,2.8756939892838895e-122,5.341193971670988e-102
31,0,-12.25,-113.02319117300496,0.0,-116.44150805170923,-2.4129237987416157,0.0,2.4129237987416157,1,0,-2.1008774592373012e-14,-3.6937807101489884e-49,-1.5744325360159749e-115,-2.1008774592373012e-14,-4.199845153519922e-101,0.0,3.1826372518986097,3.1826372518986097,4.5373857691486917e-125,2.4611420595258845e-104
32,0,-12.0,-113.02319117300496,0.0,-116.36309921546612,-2.357576517106824,0.0,2.357576517106824,1,0,-1.9220554059961756e-14,-3.458709605829482e-49,-1.8338333909775616e-118,-1.9220554059961756e-14,-1.480985336152294e-103,0.0,3.1843371486711636,3.1843371486711636,5.28495781233452e-128,8.821751811800484e-107
33,0,-11.75,-113.02319117300496,0.0,-116.28469037922301,-2.3022292354720175,0.0,2.3022292354720175,1,0,-1.756121015859887e-14,-3.2360846245761294e-49,-1.545642431581523e-121,-1.756121015859887e-14,-3.9832814726074003e-106,0.0,3.186057119014175,3.186057119014175,4.4544150434015324e-131,2.412480290477493e-109
34,0,-11.5,-113.02319117300496,0.0,-116.20628154297991,-2.2468819538372258,0.0,2.2468819538372258,1,0,-1.602294877542328e-14,-3.0253538836673638e-49,-9.192539344138768e-125,-1.602294877542328e-14,-8.010571444741556e-109,0.0,3.1877978913104585,3.1877978913104585,2.649214637546812e-134,4.934316404866221e-112
35,0,-11.25,-113.02319117300496,0.0,-116.1278727067368,-2.19153467220242,0.0,2.19153467220242,1,0,-1.459837093212552e-14,-2.825986240171252e-49,-3.756813199442473e-128,-1.459837093212552e-14,-1.179135428271346e-111,0.0,3.189560239088053,3.189560239088053,1.0826828307063952e-137,7.389143778016024e-115
36,0,-11.0,-113.02319117300496,0.0,-116.04946387049371,-2.136187390567642,0.0,2.136187390567642,1,0,-1.3280455879499388e-14,-2.6374706203333776e-49,-1.0257767829940083e-131,-1.3280455879499388e-14,-1.233799983719958e-114,0.0,3.191344985037476,3.191344985037476,2.9562047728369064e-141,7.868152186509771e-118
37,0,-10.75,-113.02319117300496,0.0,-115.97105503425061,-2.08084010893285,0.0,2.08084010893285,1,0,-1.2062544809263294e-14,-2.4593153677910522e-49,-1.806873991370579e-135,-1.2062544809263294e-14,-8.999821985402789e-118,0.0,3.19315300550063,3.19315300550063,5.2072630281356024e-145,5.842446649086357e-121
38,0,-10.5,-113.02319117300496,0.0,-115.8926461980075,-2.025492827298044,0.0,2.025492827298044,1,0,-1.0938325163684405e-14,-2.291047610136107e-49,-1.988153995693859e-139,-1.0938325163684405e-14,-4.416239065906644e-121,0.0,3.1949852355008415,3.1949852355008415,5.7296971706165845e-149,2.9193518662879288e-124
39,0,-10.25,-113.02319117300496,0.0,-115.81423736176438,-1.9701455456632522,0.0,1.9701455456632522,1,0,-9.90181552405142e-15,-2.132212643353597e-49,-1.3074352217754207e-143,-9.90181552405142e-15,-1.4182920275585304e-124,0.0,3.196842674395976,3.196842674395976,3.76792135176465e-153,9.55032004831815e-128
40,0,-10.0,-113.02319117300496,0.0,-115.7358285255213,-1.9147982640284602,0.0,1.9147982640284602,1,0,-8.947351059581462e-15,-1.9823733336734663e-49,-4.933550698629929e-148,-8.947351059581462e-15,-2.8488630630659205e-128,0.0,3.1987263922516456,3.1987263922516456,1.4218089514322572e-157,1.9547583091589938e-131
41,0,-9.75,-113.02319117300496,0.0,-115.6574196892782,-1.859450982393668,0.0,1.859450982393668,1,0,-8.069569518860185e-15,-1.841109536378607e-49,-1.0166519320519757e-152,-8.069569518860185e-15,-3.4588902030210674e-132,0.0,3.200637537049878,3.200637537049878,2.9299076988989207e-162,2.4192687507625007e-135
42,0,-9.5,-113.02319117300496,0.0,-115.5790108530351,-1.804103700758876,0.0,1.804103700758876,1,0,-7.263397746408925e-15,-1.708017531118138e-49,-1.0781498031296627e-157,-7.263397746408925e-15,-2.4178105143444217e-136,0.0,3.202577342871158,3.202577342871158,3.1071395323866447e-167,1.7244800994271992e-139
43,0,-9.25,-113.02319117300496,0.0,-115.50060201679199,-1.7487564191240699,0.0,1.7487564191240699,1,0,-6.5240387074657674e-15,-1.5827094732795537e-49,-5.54451376549464e-163,-6.5240387074657674e-15,-9.240402834989241e-141,0.0,3.204547139215452,3.204547139215452,1.597883509195287e-172,6.723333337723556e-144
44,0,-9.0,-113.02319117300496,0.0,-115.4221931805489,-1.6934091374892921,0.0,1.6934091374892921,1,0,-5.846959004545633e-15,-1.4648128609754698e-49,-1.2880563144673202e-168,-5.846959004545633e-15,-1.8125182268025543e-145,0.0,3.206548361662228,3.206548361662228,3.712072926233551e-178,1.3458914960778107e-148
45,0,-8.75,-113.02319117300496,0.0,-115.34378434430577,-1.638061855854486,0.0,1.638061855854486,1,0,-5.2278768698050084e-15,-1.3539700172026146e-49,-1.2411393829144455e-174,-5.2278768698050084e-15,-1.7152259543334474e-150,0.0,3.208582564112345,3.208582564112345,3.576862167632982e-184,1.3003682612876976e-153
46,0,-8.5,-113.02319117300496,0.0,-115.26537550806268,-1.582714574219694,0.0,1.582714574219694,1,0,-4.6627506177037665e-15,-1.2498375867282606e-49,-4.5472732500771104e-181,-4.6627506177037665e-15,-7.233273030690002e-156,0.0,3.2106514329085365,3.2106514329085365,1.3104869507804082e-190,5.601294934323406e-159
47,0,-8.25,-113.02319117300496,0.0,-115.18696667181959,-1.5273672925849027,0.0,1.5273672925849027,1,0,-4.147767542887216e-15,-1.1520860472539741e-49,-1.6308421562341614e-187,-4.147767542887216e-15,-1.2417595564536622e-161,0.0,3.2127568031993397,3.2127568031993397,4.699953679914025e-197,9.82650650023752e-165
48,0,-8.0,-113.02319117300496,0.0,-115.10855783557646,-1.4720200109500963,0.0,1.4720200109500963,1,0,-3.679333248660711e-15,-1.060399234397341e-49,-6.904835938069993e-193,-3.679333248660711e-15,-7.883647000420323e-168,0.0,3.214900677998126,3.214900677998126,1.9899172309398564e-202,6.378303545682319e-171
49,0,-7.75,-113.02319117300496,0.0,-115.03014899933338,-1.4166727293153185,0.0,1.4166727293153185,1,0,-3.2540613918494493e-15,-9.744738800166486e-50,-8.976361435126502e-198,-3.2540613918494493e-15,-1.6445394470031271e-174,0.0,3.2170852505004595,3.2170852505004595,2.586913932656741e-207,1.3609947487337693e-177
50,0,-7.5,-113.02319117300496,0.0,-114.95174016309026,-1.3613254476805123,0.0,1.3613254476805123,1,0,-2.868763830254584e-15,-8.940191633787078e-50,-2.4226246234870256e-202,-2.868763830254584e-15,-1.6549681727232076e-181,0.0,3.21931293036765,3.21931293036765,6.981805977164908e-212,1.4017281475104192e-184
51,0,-7.25,-113.02319117300496,0.0,-114.87333132684716,-1.3059781660457204,0.0,1.3059781660457204,1,0,-2.520441159337191e-15,-8.187562746368277e-50,-1.1325452893048772e-206,-2.520441159337191e-15,-2.602126208503483e-187,0.0,3.221586374873591,3.221586374873591,3.263902873610456e-216,2.2568524254204853e-190
52,0,-7.0,-113.02319117300496,0.0,-114.79492249060405,-1.2506308844109144,0.0,1.2506308844109144,1,0,-2.2062736251593164e-15,-7.48417990032964e-50,-8.232488862041625e-211,-2.2062736251593164e-15,-1.6642657807716536e-192,0.0,3.2239085260621656,3.2239085260621656,2.372535942494253e-220,1.4789326782097036e-195
53,0,-6.75,-113.02319117300496,0.0,-114.71651365436098,-1.1952836027761364,0.0,1.1952836027761364,1,0,-1.923612401027753e-15,-6.827482581679118e-50,-8.654404473138198e-215,-1.923612401027753e-15,-2.5020353452428932e-197,0.0,3.226282655396722,3.226282655396722,2.4941285700459894e-224,2.279464340806665e-200
54,0,-6.5,-113.02319117300496,0.0,-114.63810481811787,-1.1399363211413445,0.0,1.1399363211413445,1,0,-1.6699712156845536e-15,-6.215017965776119e-50,-1.2487141863954504e-218,-1.6699712156845536e-15,-7.038090797777453e-202,0.0,3.228712417835117,3.228712417835117,3.5986921315930646e-228,6.577850684849965e-205
55,0,-6.25,-113.02319117300496,0.0,-114.55969598187475,-1.0845890395065387,0.0,1.0845890395065387,1,0,-1.4430183213083684e-15,-5.644436977059824e-50,-2.376861698781118e-222,-1.4430183213083684e-15,-3.250586354167672e-206,0.0,3.2312019178826805,3.2312019178826805,6.849920971891425e-232,3.1186831481538895e-209
56,0,-6.0,-113.02319117300496,0.0,-114.48128714563165,-1.0292417578717468,0.0,1.0292417578717468,1,0,-1.2405687900106873e-15,-5.113490431476554e-50,-5.785702870197609e-226,-1.2405687900106873e-15,-2.2624281687767235e-210,0.0,3.2337557910349233,3.2337557910349233,1.6673922360742554e-235,2.2298261505810336e-213
57,0,-5.75,-113.02319117300496,0.0,-114.40287830938856,-0.9738944762369548,0.0,0.9738944762369548,1,0,-1.060577127964272e-15,-4.620025247182187e-50,-1.7564302365760025e-229,-1.060577127964272e-15,-2.23271736563051e-214,0.0,3.2363793052334784,3.2363793052334784,5.061888253471383e-239,2.2622459229806213e-217
58,0,-5.5,-113.02319117300496,0.0,-114.32446947314546,-0.9185471946021628,0.0,0.9185471946021628,1,0,-9.011301967907737e-16,-4.1619807044074726e-50,-6.514165771156451e-233,-9.011301967907737e-16,-2.984801802013344e-218,0.0,3.239078488695914,3.239078488695914,1.877329284791971e-242,3.111522938201459e-221
59,0,-5.25,-113.02319117300496,0.0,-114.24606063690237,-0.8631999129673708,0.0,0.8631999129673708,1,0,-7.604404323897752e-16,-3.737384728302832e-50,-2.9008318792452426e-236,-7.604404323897752e-16,-5.216673625476346e-222,0.0,3.241860293016871,3.241860293016871,8.35996016754488e-246,5.59969286083549e-225
60,0,-5.0,-113.02319117300496,0.0,-114.16765180065924,-0.8078526313325648,0.0,0.8078526313325648,1,0,-6.368393520571608e-16,-3.344350157718741e-50,-1.5283790097906184e-239,-6.368393520571608e-16,-1.158544296085479e-225,0.0,3.244732804219181,3.244732804219181,4.404663274069405e-249,1.281680017503991e-228
61,0,-4.75,-113.02319117300496,0.0,-114.08924296441616,-0.7525053496977868,0.0,0.7525053496977868,1,0,-5.28771341581758e-16,-2.9810709458264605e-50,-9.407726439173525e-243,-5.28771341581758e-16,-3.1941085620124657e-229,0.0,3.2477055201998493,3.2477055201998493,2.7112297979541203e-252,3.645191225879314e-232
62,0,-4.5,-113.02319117300496,0.0,-114.01083412817304,-0.6971580680629809,0.0,0.6971580680629809,1,0,-4.3478771514292644e-16,-2.6458182110244166e-50,-6.691165497357372e-246,-4.3478771514292644e-16,-1.0721558582869305e-232,0.0,3.250789722037919,3.250789722037919,1.9283391579008896e-255,1.2634720106072561e-235
63,0,-4.25,-113.02319117300496,0.0,-113.93242529192995,-0.641810786428189,0.0,0.641810786428189,1,0,-3.5354104246297396e-16,-2.336936011092384e-50,-5.446125687922119e-249,-3.5354104246297396e-16,-4.3100384490149955e-236,0.0,3.2539989811641785,3.2539989811641785,1.5695288701225252e-258,5.250347341658802e-239
64,0,-4.0,-113.02319117300496,0.0,-113.85401645568685,-0.5864635047933969,0.0,0.5864635047933969,1,0,-2.837797401557625e-16,-2.052836635643323e-50,-5.02960304376212e-252,-2.837797401557625e-16,-2.0458706187266e-239,0.0,3.2573498685938165,3.2573498685938165,1.4494904515236488e-261,2.5791587547335744e-242
65,0,-3.75,-113.02319117300496,0.0,-113.77560761944373,-0.531116223158591,0.0,0.531116223158591,1,0,-2.243429282500199e-16,-1.7919950732981214e-50,-5.230441289124981e-255,-2.243429282500199e-16,-1.1327144462982144e-242,0.0,3.260862974300391,3.260862974300391,1.5073703908391938e-264,1.4795930304513395e-245
66,0,-3.5,-113.02319117300496,0.0,-113.69719878320065,-0.475768941523813,0.0,0.475768941523813,1,0,-1.7415555978587987e-16,-1.552942051974298e-50,-6.083369963543197e-258,-1.7415555978587987e-16,-7.23668658735128e-246,0.0,3.2645644205967326,3.2645644205967326,1.7531774572503771e-267,9.807343661642589e-249
67,0,-3.25,-113.02319117300496,0.0,-113.61878994695752,-0.42042165988900704,0.0,0.42042165988900704,1,0,-1.322238439695824e-16,-1.3342545440803739e-50,-7.864804297458693e-261,-1.322238439695824e-16,-5.284591119333648e-249,0.0,3.2684881980340843,3.2684881980340843,2.266572258899664e-270,7.440876563015226e-252
68,0,-3.0,-113.02319117300496,0.0,-113.54038111071443,-0.3650743782542151,0.0,0.3650743782542151,1,0,-9.763100774455526e-17,-1.1345415675587414e-50,-1.123980180542592e-263,-9.763100774455526e-17,-4.373837772505806e-252,0.0,3.272679946699721,3.272679946699721,3.239218930843658e-273,6.4082043325719425e-255
69,0,-2.75,-113.02319117300496,0.0,-113.46197227447134,-0.3097270966194231,0.0,0.3097270966194231,1,0,-6.953349138373896e-17,-9.524207079871773e-51,-1.7667074044024155e-266,-6.953349138373896e-17,-4.071931787794014e-255,0.0,3.277203454283451,3.277203454283451,5.091506210402531e-276,6.217985102857232e-258
70,0,-2.5,-113.02319117300496,0.0,-113.38356343822824,-0.25437981498463114,0.0,0.25437981498463114,1,0,-4.715778915391681e-17,-7.86474749325626e-51,-3.040219742574129e-269,-4.715778915391681e-17,-4.234993639221031e-258,0.0,3.282152722450985,3.282152722450985,8.761664586751645e-279,6.7523306555645105e-261
71,0,-2.25,-113.02319117300496,0.0,-113.30515460198512,-0.1990325333498392,0.0,0.1990325333498392,1,0,-2.9798440554120184e-17,-6.35160468266229e-51,-5.7035635880844004e-272,-2.9798440554120184e-17,-4.89013094688107e-261,0.0,3.2876768538727887,3.2876768538727887,1.6437203669262986e-281,8.156794433624074e-264
72,0,-2.0,-113.02319117300496,0.0,-113.22674576574202,-0.14368525171503324,0.0,0.14368525171503324,1,0,-1.681855727842242e-17,-4.965815044540869e-51,-1.161991251489631e-274,-1.681855727842242e-17,-6.2335866697445005e-264,0.0,3.2940398077402535,3.2940398077402535,3.348763727740211e-284,1.090087794766404e-266
73,0,-1.75,-113.02319117300496,0.0,-113.14833692949891,-0.08833797008024127,0.0,0.08833797008024127,1,0,-7.657615879628704e-18,-3.677563298519189e-51,-2.561650495098344e-277,-7.657615879628704e-18,-8.726485100608687e-267,0.0,3.3018038627359925,3.3018038627359925,7.382467165855108e-287,1.603635146528114e-269
74,0,-1.5,-113.02319117300496,0.0,-113.0699280932558,-0.0329906884454353,0.0,0.0329906884454353,1,0,-1.8712511718213926e-18,-2.406327317163426e-51,-6.090585907927632e-280,-1.8712511718213926e-18,-1.3351480437928157e-269,0.0,3.3127689557523796,3.3127689557523796,1.7552570333904737e-289,2.585014673853647e-272
75,0,-1.25,-113.02319117300496,0.0,-112.99151925701273,0.02235659318934265,0.0,-0.02235659318934265,1,0,-1.1271175525675097e-18,-2.1388364820834793e-51,-1.5569920357198061e-282,-1.1271175525675097e-18,-2.324237444440943e-272,0.0,3.315815346853603,3.315815346853603,4.487123674050661e-292,4.546823407653203e-275
76,0,-1.0,-113.02319117300496,0.0,-112.91311042076961,0.07770387482413461,0.0,-0.07770387482413461,1,0,-6.294548107576917e-18,-3.4366545186319247e-51,-4.267379881299626e-285,-6.294548107576917e-18,-4.6841278478111066e-275,0.0,3.303555385129846,3.303555385129846,1.2298239716232522e-294,8.692792068833358e-278
77,0,-0.75,-113.02319117300496,0.0,-112.8347015845265,0.13305115645894058,0.0,-0.13305115645894058,1,0,-1.4777832589721528e-17,-4.712008693694714e-51,-1.250626311529635e-287,-1.4777832589721528e-17,-1.0197244712756768e-277,0.0,3.2953960851004096,3.2953960851004096,3.60420271980632e-297,1.7999619266319376e-280
78,0,-0.5,-113.02319117300496,0.0,-112.75629274828343,0.18839843809371853,0.0,-0.18839843809371853,1,0,-2.6983117338057246e-17,-6.076154641568225e-51,-3.9093547127088907e-290,-2.6983117338057246e-17,-2.390635495261446e-280,0.0,3.28882301374402,3.28882301374402,1.1266440559111062e-299,4.0232895595975383e-283
79,0,-0.25,-113.02319117300496,0.0,-112.6778839120403,0.2437457197285245,0.0,-0.2437457197285245,1,0,-4.3448280824287765e-17,-7.562224971064457e-51,-1.3002535250246348e-292,-4.3448280824287765e-17,-6.017604688530837e-283,0.0,3.283163502822345,3.283163502822345,3.7476973881487784e-302,9.677805253392505e-286
80,0,0.0,-113.02319117300496,0.0,-112.5994750757972,0.29909300136331646,0.0,-0.29909300136331646,1,0,0.0,0.0,0.0,0.0,0.0,0.0,3.2781177223069413,3.2781177223069413,1.323714741236783e-304,2.4980780819878847e-288
81,0,0.25,-113.02319117300496,0.0,-112.52106623955412,0.3544402829981084,0.0,-0.3544402829981084,1,0,9.174165452165338e-17,1.098088865733023e-50,3.4207882477829904e-295,9.174165452165338e-17,4.672861622987216e-288,0.0,3.273520941851277,3.273520941851277,9.85967654375977e-305,6.900934127840727e-291
82,0,0.5,-113.02319117300496,0.0,-112.44265740331099,0.4097875646329144,0.0,-0.4097875646329144,1,0,1.2503483202860137e-16,1.2944528445951294e-50,3.4212201058444875e-295,1.2503483202860137e-16,1.4345668501886735e-290,0.0,3.2692711165909154,3.2692711165909154,9.85967654375977e-305,2.035153235294944e-293
83,0,0.75,-113.02319117300496,0.0,-112.3642485670679,0.4651348462676923,0.0,-0.4651348462676923,1,0,1.6548765820486054e-16,1.5093874276138007e-50,3.4212201331062097e-295,1.6548765820486054e-16,4.682787318083858e-293,0.0,3.2652998411836474,3.2652998411836474,9.85967654375977e-305,6.392295330378936e-296
84,0,1.0,-113.02319117300496,0.0,-112.28583973082479,0.5204821279024984,0.0,-0.5204821279024984,1,0,2.140141396687278e-16,1.7444183262635144e-50,3.4212201331079307e-295,2.140141396687278e-16,1.6221234031732665e-295,0.0,3.2615586103179623,3.2615586103179623,9.85967654375977e-305,2.133696113101944e-298
85,0,1.25,-113.02319117300496,0.0,-112.20743089458169,0.5758294095372902,0.0,-0.5758294095372902,1,0,2.715929531510106e-16,2.000961118808394e-50,3.4212201331079307e-295,2.715929531510106e-16,5.951220795684758e-298,0.0,3.258011548895981,3.258011548895981,9.85967654375977e-305,7.553128225259117e-301
86,0,1.5,-113.02319117300496,0.0,-112.12902205833859,0.6311766911720823,0.0,-0.6311766911720823,1,0,3.3928318793804996e-16,2.280475349742835e-50,3.4212201331079307e-295,3.3928318793804996e-16,2.3081576041501936e-300,0.0,3.254631237484599,3.254631237484599,9.85967654375977e-305,2.8300522152406028e-303
87,0,1.75,-113.02319117300496,0.0,-112.05061322209549,0.6865239728068742,0.0,-0.6865239728068742,1,0,4.182288632359925e-16,2.5844747224652586e-50,3.4212201331079307e-295,4.182288632359925e-16,8.314290427586238e-302,0.0,3.2513961601838046,3.2513961601838046,9.85967654375977e-305,9.85967654375977e-305
88,0,2.0,-113.02319117300496,0.0,-111.9722043858524,0.7418712544416661,0.0,-0.7418712544416661,1,0,5.096637442944249e-16,2.914534437875012e-50,3.4212201331079307e-295,5.096637442944249e-16,8.58714357483395e-302,0.0,3.248289064963144,3.248289064963144,9.85967654375977e-305,9.85967654375977e-305
89,0,2.25,-113.02319117300496,0.0,-111.89379554960928,0.7972185360764722,0.0,-0.7972185360764722,1,0,6.149164343146712e-16,3.272296943652637e-50,3.4212201331079307e-295,6.149164343146712e-16,8.859996722081732e-302,0.0,3.245295866834347,3.245295866834347,9.85967654375977e-305,9.85967654375977e-305
90,0,2.5,-113.02319117300496,0.0,-111.81538671336618,0.8525658177112642,0.0,-0.8525658177112642,1,0,7.354157323894696e-16,3.6594767679220264e-50,3.4212201331079307e-295,7.354157323894696e-16,9.132849869329444e-302,0.0,3.2424048891427617,3.2424048891427617,9.85967654375977e-305,9.85967654375977e-305
91,0,2.75,-113.02319117300496,0.0,-111.73697787712307,0.9079130993460701,0.0,-0.9079130993460701,1,0,8.726962554498727e-16,4.077864818555197e-50,3.4212201331079307e-295,8.726962554498727e-16,9.405703016577227e-302,0.0,3.2396063236899884,3.2396063236899884,9.85967654375977e-305,9.85967654375977e-305
92,0,3.0,-113.02319117300496,0.0,-111.65856904087998,0.963260380980848,0.0,-0.963260380980848,1,0,1.0284043266497461e-15,4.529332373747184e-50,3.4212201331079307e-295,1.0284043266497461e-15,9.678556163824866e-302,0.0,3.2368918371592144,3.2368918371592144,9.85967654375977e-305,9.85967654375977e-305
93,0,3.25,-113.02319117300496,0.0,-111.58016020463687,1.01860766261564,0.0,-1.01860766261564,1,0,1.2043041353399824e-15,5.015834902743424e-50,3.4212201331079307e-295,1.2043041353399824e-15,9.95140931107258e-302,0.0,3.234254278119942,3.234254278119942,9.85967654375977e-305,9.85967654375977e-305
94,0,3.5,-113.02319117300496,0.0,-111.50175136839377,1.073954944250446,0.0,-1.073954944250446,1,0,1.4022841755414114e-15,5.539415805288744e-50,3.4212201331079307e-295,1.4022841755414114e-15,1.0224262458320362e-301,0.0,3.2316874548743613,3.2316874548743613,9.85967654375977e-305,9.85967654375977e-305
95,0,3.75,-113.02319117300496,0.0,-111.42334253215066,1.1293022258852379,0.0,-1.1293022258852379,1,0,1.6243639710381493e-15,6.102210128188458e-50,3.4212201331079307e-295,1.6243639710381493e-15,1.049711560556807e-301,0.0,3.229185964271695,3.229185964271695,9.85967654375977e-305,9.85967654375977e-305
96,0,4.0,-113.02319117300496,0.0,-111.34493369590756,1.1846495075200298,0.0,-1.1846495075200298,1,0,1.872701096098565e-15,6.706448298726762e-50,3.4212201331079307e-295,1.872701096098565e-15,1.0769968752815786e-301,0.0,3.2267450578878902,3.2267450578878902,9.85967654375977e-305,9.85967654375977e-305
97,0,4.25,-113.02319117300496,0.0,-111.26652485966447,1.2399967891548218,0.0,-1.2399967891548218,1,0,2.1495985015225145e-15,7.354459902854912e-50,3.4212201331079307e-295,2.1495985015225145e-15,1.1042821900063498e-301,0.0,3.2243605360609857,3.2243605360609857,9.85967654375977e-305,9.85967654375977e-305
98,0,4.5,-113.02319117300496,0.0,-111.18811602342137,1.2953440707896138,0.0,-1.2953440707896138,1,0,2.457512156288332e-15,8.048677528408231e-50,3.4212201331079307e-295,2.457512156288332e-15,1.1315675047311211e-301,0.0,3.2220286630069372,3.2220286630069372,9.85967654375977e-305,9.85967654375977e-305
99,0,4.75,-113.02319117300496,0.0,-111.10970718717824,1.35069135242442,0.0,-1.35069135242442,1,0,2.799059015572502e-15,8.791640688533691e-50,3.4212201331079307e-295,2.799059015572502e-15,1.1588528194558991e-301,0.0,3.2197460981061585,3.2197460981061585,9.85967654375977e-305,9.85967654375977e-305
100,0,5.0,-113.02319117300496,0.0,-111.03129835093517,1.4060386340591975,0.0,1.3190452547014995,1,0,3.1770253263707195e-15,9.585999837109168e-50,3.4212201331079307e-295,3.1770253263707195e-15,1.1861381341806632e-301,0.0,3.217509839747808,3.217509839747808,9.85967654375977e-305,9.85967654375977e-305
101,0,5.25,-113.02319117300496,0.0,-110.95288951469205,1.4613859156940037,0.0,1.2775347934753944,1,0,3.5943752823811584e-15,1.0434520485613647e-49,3.4212201331079307e-295,3.5943752823811584e-15,1.2134234489054414e-301,0.0,3.2153171790357806,3.2153171790357806,9.85967654375977e-305,9.85967654375977e-305
102,0,5.5,-113.02319117300496,0.0,-110.87448067844895,1.5167331973287956,0.0,1.2360243322493003,1,0,4.054260040219323e-15,1.134008742929909e-49,3.4212201331079307e-295,4.054260040219323e-15,1.2407087636302127e-301,0.0,3.2131656613188637,3.2131656613188637,9.85967654375977e-305,9.85967654375977e-305
103,0,5.75,-113.02319117300496,0.0,-110.79607184220586,1.5720804789635876,0.0,1.1945138710232068,1,0,4.560027109450807e-15,1.2305709089416102e-49,3.4212201331079307e-295,4.560027109450807e-15,1.2679940783549839e-301,0.0,3.2110530539870585,3.2110530539870585,9.85967654375977e-305,9.85967654375977e-305
104,0,6.0,-113.02319117300496,0.0,-110.71766300596273,1.6274277605983936,0.0,1.153003409797102,1,0,5.115230129324777e-15,1.3334521977453734e-49,3.4212201331079307e-295,5.115230129324777e-15,1.2952793930797623e-301,0.0,3.2089773193299993,3.2089773193299993,9.85967654375977e-305,9.85967654375977e-305
105,0,6.25,-113.02319117300496,0.0,-110.63925416971965,1.6827750422331715,0.0,1.1114929485710185,1,0,5.723639045504326e-15,1.4429795286819618e-49,3.4212201331079307e-295,5.723639045504326e-15,1.3225647078045264e-301,0.0,3.2069365915176244,3.2069365915176244,9.85967654375977e-305,9.85967654375977e-305
106,0,6.5,-113.02319117300496,0.0,-110.56084533347654,1.7381223238679775,0.0,1.0699824873449144,1,0,6.38925070050259e-15,1.5594935617015314e-49,3.4212201331079307e-295,6.38925070050259e-15,1.3498500225293044e-301,0.0,3.2049291569627543,3.2049291569627543,9.85967654375977e-305,9.85967654375977e-305
107,0,6.75,-113.02319117300496,0.0,-110.48243649723344,1.7934696055027692,0.0,1.0284720261188198,1,0,7.116299851943628e-15,1.683349183508287e-49,3.4212201331079307e-295,7.116299851943628e-15,1.377135337254076e-301,0.0,3.202953437477457,3.202953437477457,9.85967654375977e-305,9.85967654375977e-305
108,0,7.0,-113.02319117300496,0.0,-110.40402766099035,1.8488168871375474,0.0,0.9869615648927369,1,0,7.909270633205705e-15,1.814916007896406e-49,3.4212201331079307e-295,7.909270633205705e-15,1.40442065197884e-301,0.0,3.2010079757522134,3.2010079757522134,9.85967654375977e-305,9.85967654375977e-305
109,0,7.25,-113.02319117300496,0.0,-110.32561882474725,1.9041641687723532,0.0,0.9454511036666328,1,0,8.772908471426772e-15,1.9545788907264418e-49,3.4212201331079307e-295,8.772908471426772e-15,1.431705966703618e-301,0.0,3.199091422777998,3.199091422777998,9.85967654375977e-305,9.85967654375977e-305
110,0,7.5,-113.02319117300496,0.0,-110.24720998850414,1.9595114504071451,0.0,0.9039406424405382,1,0,9.712232478299329e-15,2.102738459989063e-49,3.4212201331079307e-295,9.712232478299329e-15,1.4589912814283891e-301,0.0,3.19720252690267,3.19720252690267,9.85967654375977e-305,9.85967654375977e-305
111,0,7.75,-113.02319117300496,0.0,-110.16880115226103,2.0148587320419513,0.0,0.8624301812144337,1,0,1.0732548329543315e-14,2.2598116613984606e-49,3.4212201331079307e-295,1.0732548329543315e-14,1.4862765961531675e-301,0.0,3.1953401242693897,3.1953401242693897,9.85967654375977e-305,9.85967654375977e-305
112,0,8.0,-113.02319117300496,0.0,-110.09039231601793,2.070206013676743,0.0,0.8209197199883401,1,0,1.1839461649393442e-14,2.4262323199592346e-49,3.4212201331079307e-295,1.1839461649393442e-14,1.5135619108779385e-301,0.0,3.1935031304295567,3.1935031304295567,9.85967654375977e-305,9.85967654375977e-305
113,0,8.25,-113.02319117300496,0.0,-110.01198347977481,2.125553295311549,0.0,0.7794092587622319,1,0,1.303889191693176e-14,2.6024517179521855e-49,3.4212201331079307e-295,1.303889191693176e-14,1.5408472256027166e-301,0.0,3.1916905329585936,3.1916905329585936,9.85967654375977e-305,9.85967654375977e-305
114,0,8.5,-113.02319117300496,0.0,-109.93357464353173,2.180900576946327,0.0,0.737898797536152,1,0,1.4337086911564798e-14,2.7889391897893493e-49,3.4212201331079307e-295,1.4337086911564798e-14,1.568132540327481e-301,0.0,3.1899013849318094,3.1899013849318094,9.85967654375977e-305,9.85967654375977e-305
115,0,8.75,-113.02319117300496,0.0,-109.85516580728863,2.236247858581119,0.0,0.6963883363100579,1,0,1.5740637715461096e-14,2.9861827341939405e-49,3.4212201331079307e-295,1.5740637715461096e-14,1.5954178550522523e-301,0.0,3.1881347991409728,3.1881347991409728,9.85967654375977e-305,9.85967654375977e-305
116,0,9.0,-113.02319117300496,0.0,-109.77675697104551,2.291595140215925,0.0,0.6548778750839529,1,0,1.7256494291256926e-14,3.1946896441671026e-49,3.4212201331079307e-295,1.7256494291256926e-14,1.6227031697770305e-301,0.0,3.1863899429513394,3.1863899429513394,9.85967654375977e-305,9.85967654375977e-305
117,0,9.25,-113.02319117300496,0.0,-109.69834813480243,2.346942421850703,0.0,0.6133674138578703,1,0,1.8891981653878195e-14,3.4149871552106596e-49,3.4212201331079307e-295,1.8891981653878195e-14,1.6499884845017946e-301,0.0,3.1846660337145285,3.1846660337145285,9.85967654375977e-305,9.85967654375977e-305
118,0,9.5,-113.02319117300496,0.0,-109.6199392985593,2.402289703485509,0.0,0.5718569526317653,1,0,2.0654816655859026e-14,3.647623112285215e-49,3.4212201331079307e-295,2.0654816655859026e-14,1.6772737992265728e-301,0.0,3.1829623346655223,3.1829623346655223,9.85967654375977e-305,9.85967654375977e-305
119,0,9.75,-113.02319117300496,0.0,-109.54153046231622,2.4576369851203013,0.0,0.5303464914056712,1,0,2.255312540607004e-14,3.8931666559874385e-49,3.4212201331079307e-295,2.255312540607004e-14,1.7045591139513441e-301,0.0,3.1812781512427946,3.1812781512427946,9.85967654375977e-305,9.85967654375977e-305
120,0,10.0,-113.02319117300496,0.0,-109.46312162607312,2.5129842667550926,0.0,0.48883603017957794,1,0,2.459546134236761e-14,4.1522089284456584e-49,3.4212201331079307e-295,2.459546134236761e-14,1.731844428676115e-301,0.0,3.1796128277794002,3.1796128277794002,9.85967654375977e-305,9.85967654375977e-305
121,0,10.25,-113.02319117300496,0.0,-109.38471278982999,2.568331548389899,0.0,0.44732556895347325,1,0,2.6790823979215688e-14,4.425363799436863e-49,3.4212201331079307e-295,2.6790823979215688e-14,1.7591297434008932e-301,0.0,3.1779657445203364,3.1779657445203364,9.85967654375977e-305,9.85967654375977e-305
122,0,10.5,-113.02319117300496,0.0,-109.30630395358692,2.623678830024677,0.0,0.4058151077273892,1,0,2.914867835194377e-14,4.713268613243109e-49,3.4212201331079307e-295,2.914867835194377e-14,1.7864150581256575e-301,0.0,3.176336314927688,3.176336314927688,9.85967654375977e-305,9.85967654375977e-305
123,0,10.75,-113.02319117300496,0.0,-109.22789511734379,2.679026111659483,0.0,0.3643046465012851,1,0,3.167897517992075e-14,5.0165849567734865e-49,3.4212201331079307e-295,3.167897517992075e-14,1.8137003728504357e-301,0.0,3.174723983240328,3.174723983240328,9.85967654375977e-305,9.85967654375977e-305
124,0,11.0,-113.02319117300496,0.0,-109.14948628110069,2.734373393294275,0.0,0.322794185275191,1,0,3.4392171771502115e-14,5.335999449488736e-49,3.4212201331079307e-295,3.4392171771502115e-14,1.8409856875752069e-301,0.0,3.173128222259397,3.173128222259397,9.85967654375977e-305,9.85967654375977e-305
125,0,11.25,-113.02319117300496,0.0,-109.07107744485761,2.789720674929067,0.0,0.28128372404909685,1,0,3.729925369430987e-14,5.672224555679249e-49,3.4212201331079307e-295,3.729925369430987e-14,1.868271002299978e-301,0.0,3.17154853133453,3.17154853133453,9.85967654375977e-305,9.85967654375977e-305
126,0,11.5,-113.02319117300496,0.0,-108.9926686086145,2.845067956563859,0.0,0.23977326282300335,1,0,4.041175723499198e-14,6.025999419656729e-49,3.4212201331079307e-295,4.041175723499198e-14,1.8955563170247493e-301,0.0,3.1699844345290384,3.1699844345290384,9.85967654375977e-305,9.85967654375977e-305
127,0,11.75,-113.02319117300496,0.0,-108.9142597723714,2.9004152381986508,0.0,0.19826280159690868,1,0,4.374179267331783e-14,6.398090724432034e-49,3.4212201331079307e-295,4.374179267331783e-14,1.9228416317495205e-301,0.0,3.1684354789449776,3.1684354789449776,9.85967654375977e-305,9.85967654375977e-305
128,0,12.0,-113.02319117300496,0.0,-108.8358509361283,2.9557625198334567,0.0,0.15675234037080454,1,0,4.730206839614033e-14,6.789293574466312e-49,3.4212201331079307e-295,4.730206839614033e-14,1.9501269464742987e-301,0.0,3.1669012331914,3.1669012331914,9.85967654375977e-305,9.85967654375977e-305
129,0,12.25,-113.02319117300496,0.0,-108.75744209988518,3.0111098014682485,0.0,0.11524187914471103,1,0,5.110591587743758e-14,7.200432403091412e-49,3.4212201331079307e-295,5.110591587743758e-14,1.97741226119907e-301,0.0,3.1653812859811095,3.1653812859811095,9.85967654375977e-305,9.85967654375977e-305
130,0,12.5,-113.02319117300496,0.0,-108.67903326364207,3.0664570831030544,0.0,0.07373141791859908,1,0,5.51673155514083e-14,7.632361905212485e-49,3.4212201331079307e-295,5.51673155514083e-14,2.0046975759238476e-301,0.0,3.163875244842978,3.163875244842978,9.85967654375977e-305,9.85967654375977e-305
131,0,12.75,-113.02319117300496,0.0,-108.600624427399,3.1218043647378324,0.0,0.03222095669252283,1,0,5.95009236062677e-14,8.085967995916032e-49,3.4212201331079307e-295,5.95009236062677e-14,2.031982890648612e-301,0.0,3.162382734938409,3.162382734938409,9.85967654375977e-305,9.85967654375977e-305
132,0,13.0,-113.02319117300496,0.0,-108.52221559115588,3.177151646372625,0.0,-0.009289504533571264,1,0,6.412209972721975e-14,8.562168795622381e-49,3.4212201331079307e-295,6.412209972721975e-14,2.0592682053733837e-301,0.0,3.1609033979718255,3.1609033979718255,9.85967654375977e-305,9.85967654375977e-305
133,0,13.25,-113.02319117300496,0.0,-108.44380675491277,3.23249892800743,0.0,-0.050799965759675395,1,0,6.90469358177732e-14,9.06191564243339e-49,3.4212201331079307e-295,6.90469358177732e-14,2.0865535200981614e-301,0.0,3.1594368911862176,3.1594368911862176,9.85967654375977e-305,9.85967654375977e-305
134,0,13.5,-113.02319117300496,0.0,-108.36539791866967,3.2878462096422223,0.0,-0.09231042698577284,1,0,7.42922857294237e-14,9.586194132340743e-49,3.4212201331079307e-295,7.42922857294237e-14,2.113838834822933e-301,0.0,3.1579828864357693,3.1579828864357693,9.85967654375977e-305,9.85967654375977e-305
135,0,13.75,-112.79174228920905,0.2314488837959208,-108.05640788442793,3.3425810086475978,0.0,0.06737738210912515,1,0,7.981209133662968e-14,1.0129797040314859e-48,3.4212201331079307e-295,7.981209133662968e-14,2.1408222055169683e-301,0.0,3.1565569591428733,3.1565569591428733,9.85967654375977e-305,9.85967654375977e-305
136,0,14.0,-112.618339409586,0.17340287962305123,-107.80524624391921,3.397469414655407,0.0,0.027190597785556807,1,0,8.569744985849674e-14,1.0701048620360392e-48,3.4212201331079307e-295,8.569744985849674e-14,2.167881301978946e-301,0.0,3.1551387066456673,3.1551387066456673,9.85967654375977e-305,9.85967654375977e-305
137,0,14.25,-112.03998603031287,0.5783533792731338,-107.15065223507037,3.4512862011213805,0.0,0.0007201448939915356,1,0,9.182640956612982e-14,1.1287574324387427e-48,3.4212201331079307e-295,9.182640956612982e-14,2.1944121073379004e-301,0.0,3.1537592241650416,3.1537592241650416,9.85967654375977e-305,9.85967654375977e-305
138,0,14.5,-109.96858259063774,2.071403439675136,-105.00860550684277,3.5011519327718137,0.0,0.0037063709171888653,1,0,9.783849140048478e-14,1.1855306448749586e-48,3.4212201331079307e-295,9.783849140048478e-14,2.2189951065724603e-301,0.0,3.1524905872850417,3.1524905872850417,9.85967654375977e-305,9.85967654375977e-305
139,0,14.75,-106.22073462462818,3.747847966009557,-101.19639912642482,3.5465812932687015,0.0,0.0018886595350445636,1,0,1.0360794721530903e-13,1.2393590560051674e-48,3.4212201331079307e-295,1.0360794721530903e-13,2.2413910465769188e-301,0.0,3.1513426581957824,3.1513426581957824,9.85967654375977e-305,9.85967654375977e-305
140,0,15.0,-99.79098134087634,6.429753283751825,-94.71234170511276,3.5849135341167018,0.0,-0.0005929956702880479,1,0,1.0870203264249919e-13,1.2863909448380971e-48,3.4212201331079307e-295,1.0870203264249919e-13,2.2602882213748574e-301,0.0,3.150379768805284,3.150379768805284,9.85967654375977e-305,9.85967654375977e-305
141,0,15.25,-91.3358014961716,8.455179844704746,-86.21045090641196,3.6178858934848925,0.0,-0.0007543346889839798,1,0,1.132553694675465e-13,1.3280607155630218e-48,3.4212201331079307e-295,1.132553694675465e-13,2.276543061287606e-301,0.0,3.1495556280105337,3.1495556280105337,9.85967654375977e-305,9.85967654375977e-305
142,0,15.5,-81.25667187070555,10.079129625466054,-76.09069840193715,3.6465607984196224,0.0,-0.000505507270227001,1,0,1.173482620515509e-13,1.3652343208842488e-48,3.4212201331079307e-295,1.173482620515509e-13,2.2906793256665807e-301,0.0,3.14884194974211,3.14884194974211,9.85967654375977e-305,9.85967654375977e-305
143,0,15.75,-69.79177585237038,11.46489601833518,-64.59037464659491,3.671568553052445,0.0,-0.0005274894953093122,1,0,1.2102146705271342e-13,1.3983785905321573e-48,3.4212201331079307e-295,1.2102146705271342e-13,2.303007744254848e-301,0.0,3.148221829078227,3.148221829078227,9.85967654375977e-305,9.85967654375977e-305
144,0,16.0,-57.54083508570373,12.250940766666636,-52.30695297011251,3.6944961993416228,0.0,-1.61710631902397e-05,1,0,1.2447608375823606e-13,1.4293700780058573e-48,3.4212201331079307e-295,1.2447608375823606e-13,2.3143107030708997e-301,0.0,3.1476551422169727,3.1476551422169727,9.85967654375977e-305,9.85967654375977e-305
145,0,16.25,-44.72021823681231,12.820616848891424,-39.45599088748849,3.7159163131724697,0.0,-0.0003817161720747614,1,0,1.2778030817268348e-13,1.4588545727706724e-48,3.4212201331079307e-295,1.2778030817268348e-13,2.324870472766032e-301,0.0,3.1471273026444995,3.1471273026444995,9.85967654375977e-305,9.85967654375977e-305
146,0,16.5,-31.27415636461483,13.446061872197479,-25.98192853153003,3.735681313329147,0.0,0.000134448549985209,1,0,1.308962869210468e-13,1.486522550154735e-48,3.4212201331079307e-295,1.308962869210468e-13,2.3346142981876428e-301,0.0,3.1466415967022052,3.1466415967022052,9.85967654375977e-305,9.85967654375977e-305
147,0,16.75,-17.37922742619028,13.894928938424549,-12.060681880813704,3.7542584776385377,0.0,0.00023083509319530494,1,0,1.3388476269956545e-13,1.5129374649075802e-48,3.4212201331079307e-295,1.3388476269956545e-13,2.343772539747186e-301,0.0,3.1461862507255387,3.1461862507255387,9.85967654375977e-305,9.85967654375977e-305
148,0,17.0,-3.468356840091512,13.910870586098767,1.8764466534464266,3.772793455603686,0.0,-1.7293940954926354e-05,1,0,1.3692516706351852e-13,1.5396933847073127e-48,3.4212201331079307e-295,1.3692516706351852e-13,2.3529099841212904e-301,0.0,3.1457330601627036,3.1457330601627036,9.85967654375977e-305,9.85967654375977e-305
149,0,17.25,10.149626189154315,13.617983029245828,15.52178564597089,3.792103501212314,0.0,-0.0006014276822468659,1,0,1.4015616122517726e-13,1.5679998109616253e-48,3.4212201331079307e-295,1.4015616122517726e-13,2.3624295243086057e-301,0.0,3.1452621012116913,3.1452621012116913,9.85967654375977e-305,9.85967654375977e-305
150,0,17.5,23.873561305336658,13.72393511618234,29.27267951841354,3.8111331660658645,0.0,-4.394544568745105e-05,1,0,1.4340468374774582e-13,1.596331952413709e-48,3.4212201331079307e-295,1.4340468374774582e-13,2.3718108413182142e-301,0.0,3.144799152227187,3.144799152227187,9.85967654375977e-305,9.85967654375977e-305
151,0,17.75,37.25636707571925,13.382805770382587,42.683722915291355,3.8310655606939874,0.0,6.338247256579831e-05,1,0,1.468771173588249e-13,1.626479338478191e-48,3.4212201331079307e-295,1.468771173588249e-13,2.3816371895070074e-301,0.0,3.1443154795068793,3.1443154795068793,9.85967654375977e-305,9.85967654375977e-305
152,0,18.0,50.24020460717716,12.983837531457919,55.69729377747433,3.8520537440216662,0.0,5.171487616535491e-05,1,0,1.5061208181138837e-13,1.658752033024837e-48,3.4212201331079307e-295,1.5061208181138837e-13,2.3919840244496096e-301,0.0,3.143807545399649,3.143807545399649,9.85967654375977e-305,9.85967654375977e-305
153,0,18.25,62.856739960469646,12.616535353292482,68.34493945185828,3.8740139182277904,0.0,2.6890828628932812e-05,1,0,1.546079741830631e-13,1.693108177918405e-48,3.4212201331079307e-295,1.546079741830631e-13,2.4028100351754596e-301,0.0,3.1432775673573796,3.1432775673573796,9.85967654375977e-305,9.85967654375977e-305
154,0,18.5,74.77728981158566,11.920549851116009,80.29920882539547,3.8978158772091707,0.0,0.00037245805429659526,1,0,1.5904262323219083e-13,1.7310364166202614e-48,3.4212201331079307e-295,1.5904262323219083e-13,2.414544016008672e-301,0.0,3.1427048339953148,3.1427048339953148,9.85967654375977e-305,9.85967654375977e-305
155,0,18.75,85.7316167643843,10.954326952798649,91.29087760318222,3.924174749542973,0.0,0.00041889273077341034,1,0,1.6408217855932567e-13,1.7738915670206933e-48,3.4212201331079307e-295,1.6408217855932567e-13,2.4275385137721493e-301,0.0,3.142072611844167,3.142072611844167,9.85967654375977e-305,9.85967654375977e-305
156,0,19.0,94.79752500615463,9.065908241770318,100.40120722058707,3.9555309398099316,0.0,-0.0005038393169251894,1,0,1.7025738624431992e-13,1.8260605345611798e-48,3.4212201331079307e-295,1.7025738624431992e-13,2.4429966084559896e-301,0.0,3.141323287119195,3.141323287119195,9.85967654375977e-305,9.85967654375977e-305
157,0,19.25,102.87663267140361,8.07910766524899,108.52843570832457,3.989498498090112,0.0,6.621975579023808e-05,1,0,1.771739058583076e-13,1.8840631177978236e-48,3.4212201331079307e-295,1.771739058583076e-13,2.459742065337184e-301,0.0,3.140514901690331,3.140514901690331,9.85967654375977e-305,9.85967654375977e-305
158,0,19.5,108.0736073741342,5.196974702730581,113.78433614993143,4.0310930379582,0.0,-0.00019298405482345832,1,0,1.859753264126923e-13,1.957250903559137e-48,3.4212201331079307e-295,1.859753264126923e-13,2.4802475007914774e-301,0.0,3.139529676527725,3.139529676527725,9.85967654375977e-305,9.85967654375977e-305
159,0,19.75,111.32727054932208,3.2536631751878744,117.10421040400031,4.077830158488958,0.0,0.0030797316767155205,1,0,1.9631679096163694e-13,2.0424070801887822e-48,3.4212201331079307e-295,1.9631679096163694e-13,2.5032881453424763e-301,0.0,3.1384286872929525,3.1384286872929525,9.85967654375977e-305,9.85967654375977e-305
160,0,20.0,112.83530946432346,1.5080389150013924,118.68500462204628,4.129186720338037,0.0,0.008794218933175396,1,0,2.082547583532119e-13,2.1396582160926272e-48,3.4212201331079307e-295,2.082547583532119e-13,2.528606099754052e-301,0.0,3.137226128509984,3.137226128509984,9.85967654375977e-305,9.85967654375977e-305
161,1,19.75,112.83530946432346,0.0,118.60659578580315,4.073839438703231,0.0,-3.8613216297131623,1,0,1.9541463310389065e-13,2.0350129055200165e-48,3.4212201331079307e-295,1.9541463310389065e-13,2.501320785029274e-301,0.0,3.138522449727124,3.138522449727124,9.85967654375977e-305,9.85967654375977e-305
162,1,19.5,112.83530946432346,0.0,118.52818694956007,4.018492157068438,0.0,-3.833647988895767,1,0,1.832696785212477e-13,1.934824096130708e-48,3.4212201331079307e-295,1.832696785212477e-13,2.474035470304503e-301,0.0,3.139827607188229,3.139827607188229,9.85967654375977e-305,9.85967654375977e-305
163,1,19.25,112.83530946432346,0.0,118.44977811331698,3.963144875433661,0.0,-3.805974348078385,1,0,1.717869785744435e-13,1.838926143798956e-48,3.4212201331079307e-295,1.717869785744435e-13,2.4467501555797387e-301,0.0,3.1411417840892075,3.1411417840892075,9.85967654375977e-305,9.85967654375977e-305
164,1,19.0,112.83530946432346,0.0,118.37136927707385,3.9077975937988545,0.0,-3.778300707260981,1,0,1.609349792358403e-13,1.747158806452828e-48,3.4212201331079307e-295,1.609349792358403e-13,2.41946484085496e-301,0.0,3.1424651700449746,3.1424651700449746,9.85967654375977e-305,9.85967654375977e-305
165,1,18.75,112.83530946432346,0.0,118.29296044083077,3.8524503121640623,0.0,-3.7506270664435792,1,0,1.5068343910665224e-13,1.659367088400464e-48,3.4212201331079307e-295,1.5068343910665224e-13,2.392179526130189e-301,0.0,3.1437979614088154,3.1437979614088154,9.85967654375977e-305,9.85967654375977e-305
166,1,18.5,112.83530946432346,0.0,118.21455160458764,3.7971030305292572,0.0,-3.722953425626175,1,0,1.4100338161867059e-13,1.5754010886515145e-48,3.4212201331079307e-295,1.4100338161867059e-13,2.364894211405411e-301,0.0,3.1451403616124773,3.1451403616124773,9.85967654375977e-305,9.85967654375977e-305
167,1,18.25,112.83530946432346,0.0,118.13614276834454,3.7417557488944646,0.0,-3.695279784808781,1,0,1.3186704876756083e-13,1.495115853141201e-48,3.4212201331079307e-295,1.3186704876756083e-13,2.3376088966806396e-301,0.0,3.1464925815286517,3.1464925815286517,9.85967654375977e-305,9.85967654375977e-305
168,1,18.0,112.83530946432346,0.0,118.05773393210147,3.6864084672596866,0.0,-3.6676061439913985,1,0,1.232478563341834e-13,1.4183712307674622e-48,3.4212201331079307e-295,1.232478563341834e-13,2.3103235819558755e-301,0.0,3.14785483985768,3.14785483985768,9.85967654375977e-305,9.85967654375977e-305
169,1,17.75,112.83530946432346,0.0,117.97932509585834,3.6310611856248807,0.0,-3.6310611856248807,1,0,1.1512035055160112e-13,1.3450317331525013e-48,3.4212201331079307e-295,1.1512035055160112e-13,2.283038267231097e-301,0.0,3.1492273635404846,3.1492273635404846,9.85967654375977e-305,9.85967654375977e-305
170,1,17.5,112.83530946432346,0.0,117.90091625961524,3.5757139039900894,0.0,-3.5757139039900894,1,0,1.0746016617649349e-13,1.2749663980427478e-48,3.4212201331079307e-295,1.0746016617649349e-13,2.2557529525063262e-301,0.0,3.150610388199938,3.150610388199938,9.85967654375977e-305,9.85967654375977e-305
171,1,17.25,112.83530946432346,0.0,117.82250742337213,3.520366622355283,0.0,-3.520366622355283,1,0,1.002439859246668e-13,1.2080486562619308e-48,3.4212201331079307e-295,1.002439859246668e-13,2.228467637781548e-301,0.0,3.1520041586131025,3.1520041586131025,9.85967654375977e-305,9.85967654375977e-305
172,1,17.0,112.83530946432346,0.0,117.74409858712905,3.4650193407205054,0.0,-3.4650193407205054,1,0,9.34495012315353e-14,1.1441562021355213e-48,3.4212201331079307e-295,9.34495012315353e-14,2.2011823230567844e-301,0.0,3.153408929217011,3.153408929217011,9.85967654375977e-305,9.85967654375977e-305
173,1,16.75,112.83530946432346,0.0,117.66568975088593,3.409672059085699,0.0,-3.409672059085699,1,0,8.705537429926877e-14,1.0831708673041303e-48,3.4212201331079307e-295,8.705537429926877e-14,2.1738970083320058e-301,0.0,3.1548249646509663,3.1548249646509663,9.85967654375977e-305,9.85967654375977e-305
174,1,16.5,112.83530946432346,0.0,117.58728091464285,3.3543247774509073,0.0,-3.3543247774509073,1,0,8.104120139346886e-14,1.0249784978480732e-48,3.4212201331079307e-295,8.104120139346886e-14,2.146611693607234e-301,0.0,3.1562525403386053,3.1562525403386053,9.85967654375977e-305,9.85967654375977e-305
175,1,16.25,112.83530946432346,0.0,117.50887207839973,3.298977495816115,0.0,-3.298977495816115,1,0,7.538747735300669e-14,9.694688346437668e-49,3.4212201331079307e-295,7.538747735300669e-14,2.119326378882463e-301,0.0,3.1576919431133854,3.1576919431133854,9.85967654375977e-305,9.85967654375977e-305
176,1,16.0,112.83530946432346,0.0,117.43046324215663,3.2436302141813234,0.0,-3.2436302141813234,1,0,7.007556127776227e-14,9.165353968771642e-49,3.4212201331079307e-295,7.007556127776227e-14,2.0920410641576923e-301,0.0,3.159143471891491,3.159143471891491,9.85967654375977e-305,9.85967654375977e-305
177,1,15.75,112.83530946432346,0.0,117.35205440591355,3.188282932546531,0.0,-3.188282932546531,1,0,6.508764335980109e-14,8.660753686390664e-49,3.4212201331079307e-295,6.508764335980109e-14,2.064755749432921e-301,0.0,3.160607438396645,3.160607438396645,9.85967654375977e-305,9.85967654375977e-305
178,1,15.5,112.83530946432346,0.0,117.27364556967042,3.1329356509117248,0.0,-3.1329356509117248,1,0,6.040671282446976e-14,8.179894885297789e-49,3.4212201331079307e-295,6.040671282446976e-14,2.037470434708142e-301,0.0,3.1620841679417957,3.1620841679417957,9.85967654375977e-305,9.85967654375977e-305
179,1,15.25,112.83530946432346,0.0,117.19523673342732,3.077588369276933,0.0,-3.077588369276933,1,0,5.6016526948766303e-14,7.721819422016143e-49,3.4212201331079307e-295,5.6016526948766303e-14,2.0101851199833714e-301,0.0,3.163574000273239,3.163574000273239,9.85967654375977e-305,9.85967654375977e-305
180,1,15.0,112.83530946432346,0.0,117.11682789718424,3.022241087642155,0.0,-3.022241087642155,1,0,5.1901581125154794e-14,7.285602577693621e-49,3.4212201331079307e-295,5.1901581125154794e-14,1.9828998052586073e-301,0.0,3.1650772904833757,3.1650772904833757,9.85967654375977e-305,9.85967654375977e-305
181,1,14.75,112.83530946432346,0.0,117.03841906094112,2.966893806007349,0.0,-2.966893806007349,1,0,4.804707993988062e-14,6.87035204020609e-49,3.4212201331079307e-295,4.804707993988062e-14,1.9556144905338287e-301,0.0,3.1665944099990533,3.1665944099990533,9.85967654375977e-305,9.85967654375977e-305
182,1,14.5,112.83530946432346,0.0,116.96001022469802,2.911546524372557,0.0,-2.911546524372557,1,0,4.4438909235624295e-14,6.4752069135893736e-49,3.4212201331079307e-295,4.4438909235624295e-14,1.9283291758090576e-301,0.0,3.168125747653278,3.168125747653278,9.85967654375977e-305,9.85967654375977e-305
183,1,14.25,112.83530946432346,0.0,116.8816013884549,2.8561992427377514,0.0,-2.8561992427377514,1,0,4.106360912910023e-14,6.099336754143102e-49,3.4212201331079307e-295,4.106360912910023e-14,1.9010438610842794e-301,0.0,3.1696717108490735,3.1696717108490735,9.85967654375977e-305,9.85967654375977e-305
184,1,14.0,112.83530946432346,0.0,116.80319255221181,2.800851961102959,0.0,-2.800851961102959,1,0,3.7908347955056045e-14,5.741940632569464e-49,3.4212201331079307e-295,3.7908347955056045e-14,1.8737585463595083e-301,0.0,3.171232726825344,3.171232726825344,9.85967654375977e-305,9.85967654375977e-305
185,1,13.75,112.83530946432346,0.0,116.72478371596873,2.745504679468181,0.0,-2.745504679468181,1,0,3.496089710880057e-14,5.402246221517495e-49,3.4212201331079307e-295,3.496089710880057e-14,1.8464732316347442e-301,0.0,3.172809244035889,3.172809244035889,9.85967654375977e-305,9.85967654375977e-305
186,1,13.5,112.83530946432346,0.0,116.6463748797256,2.6901573978333753,0.0,-2.6901573978333753,1,0,3.220960676019006e-14,5.079508907918332e-49,3.4212201331079307e-295,3.220960676019006e-14,1.819187916909966e-301,0.0,3.1744017336541908,3.1744017336541908,9.85967654375977e-305,9.85967654375977e-305
187,1,13.25,112.83530946432346,0.0,116.56796604348251,2.6348101161985835,0.0,-2.6348101161985835,1,0,2.9643382412700134e-14,4.7730109295143645e-49,3.4212201331079307e-295,2.9643382412700134e-14,1.7919026021851949e-301,0.0,3.1760106912182726,3.1760106912182726,9.85967654375977e-305,9.85967654375977e-305
188,1,13.0,112.83530946432346,0.0,116.48955720723939,2.5794628345637776,0.0,-2.5794628345637776,1,0,2.7251662281897224e-14,4.482060534989756e-49,3.4212201331079307e-295,2.7251662281897224e-14,1.7646172874604167e-301,0.0,3.177636638431915,3.177636638431915,9.85967654375977e-305,9.85967654375977e-305
189,1,12.75,112.83530946432346,0.0,116.4111483709963,2.5241155529289996,0.0,-2.5241155529289996,1,0,2.502439546835607e-14,4.2059911671299174e-49,3.4212201331079307e-295,2.502439546835607e-14,1.7373319727356524e-301,0.0,3.1792801251407767,3.1792801251407767,9.85967654375977e-305,9.85967654375977e-305
190,1,12.5,112.83530946432346,0.0,116.3327395347532,2.4687682712941936,0.0,-2.4687682712941936,1,0,2.295202090068767e-14,3.944160668445047e-49,3.4212201331079307e-295,2.295202090068767e-14,1.7100466580108742e-301,0.0,3.1809417315046478,3.1809417315046478,9.85967654375977e-305,9.85967654375977e-305
191,1,12.25,112.83530946432346,0.0,116.25433069851009,2.4134209896594014,0.0,-2.4134209896594014,1,0,2.1025447025053635e-14,3.695950508708142e-49,3.4212201331079307e-295,2.1025447025053635e-14,1.682761343286103e-301,0.0,3.1826220703901518,3.1826220703901518,9.85967654375977e-305,9.85967654375977e-305
192,1,12.0,112.83530946432346,0.0,116.17592186226699,2.3580737080246097,0.0,-2.3580737080246097,1,0,1.923603221812317e-14,3.460765033863196e-49,3.4212201331079307e-295,1.923603221812317e-14,1.6554760285613317e-301,0.0,3.184321790011896,3.184321790011896,9.85967654375977e-305,9.85967654375977e-305
193,1,11.75,112.83530946432346,0.0,116.09751302602388,2.3027264263898037,0.0,-2.3027264263898037,1,0,1.757556590110545e-14,3.238030735779407e-49,3.4212201331079307e-295,1.757556590110545e-14,1.628190713836554e-301,0.0,3.1860415768543193,3.1860415768543193,9.85967654375977e-305,9.85967654375977e-305
194,1,11.5,112.83530946432346,0.0,116.0191041897808,2.2473791447550258,0.0,-2.2473791447550258,1,0,1.6036250333068462e-14,3.0271955423300354e-49,3.4212201331079307e-295,1.6036250333068462e-14,1.6009053991117896e-301,0.0,3.1877821589116055,3.1877821589116055,9.85967654375977e-305,9.85967654375977e-305
195,1,11.25,112.83530946432346,0.0,115.94069535353768,2.19203186312022,0.0,-2.19203186312022,1,0,1.461068306235235e-14,2.8277281272886744e-49,3.4212201331079307e-295,1.461068306235235e-14,1.5736200843870114e-301,0.0,3.189544309289027,3.189544309289027,9.85967654375977e-305,9.85967654375977e-305
196,1,11.0,112.83530946432346,0.0,115.86228651729459,2.136684581485428,0.0,-2.136684581485428,1,0,1.329184001548729e-14,2.6391172395462308e-49,3.4212201331079307e-295,1.329184001548729e-14,1.5463347696622403e-301,0.0,3.1913288502162427,3.1913288502162427,9.85967654375977e-305,9.85967654375977e-305
197,1,10.75,112.83530946432346,0.0,115.78387768105151,2.0813372998506496,0.0,-2.0813372998506496,1,0,1.2073059203557994e-14,2.460871051158234e-49,3.4212201331079307e-295,1.2073059203557994e-14,1.5190494549374756e-301,0.0,3.1931366575316744,3.1931366575316744,9.85967654375977e-305,9.85967654375977e-305
198,1,10.5,112.83530946432346,0.0,115.70546884480838,2.025990018215844,0.0,-2.025990018215844,1,0,1.0948025026540068e-14,2.292516523744421e-49,3.4212201331079307e-295,1.0948025026540068e-14,1.4917641402126978e-301,0.0,3.1949686657073446,3.1949686657073446,9.85967654375977e-305,9.85967654375977e-305
199,1,10.25,112.83530946432346,0.0,115.6270600085653,1.970642736581052,0.0,-1.970642736581052,1,0,9.910753156658474e-15,2.13359879276938e-49,3.4212201331079307e-295,9.910753156658474e-15,1.4644788254879265e-301,0.0,3.196825873495984,3.196825873495984,9.85967654375977e-305,9.85967654375977e-305
200,1,10.0,112.83530946432346,0.0,115.54865117232217,1.9152954549462458,0.0,-1.9152954549462458,1,0,8.955575982338918e-15,1.983680569239489e-49,3.4212201331079307e-295,8.955575982338918e-15,1.4371935107631483e-301,0.0,3.1987093502972876,3.1987093502972876,9.85967654375977e-305,9.85967654375977e-305
201,1,9.75,112.83530946432346,0.0,115.47024233607907,1.859948173311454,0.0,-1.859948173311454,1,0,8.077128594853613e-15,1.8423415583610474e-49,3.4212201331079307e-295,8.077128594853613e-15,1.4099081960383771e-301,0.0,3.2006202433585025,3.2006202433585025,9.85967654375977e-305,9.85967654375977e-305
202,1,9.5,112.83530946432346,0.0,115.39183349983598,1.8046008916766758,0.0,-1.8046008916766758,1,0,7.270335300246079e-15,1.7091778947070803e-49,3.4212201331079307e-295,7.270335300246079e-15,1.3826228813136126e-301,0.0,3.2025597859470327,3.2025597859470327,9.85967654375977e-305,9.85967654375977e-305
203,1,9.25,112.83530946432346,0.0,115.31342466359287,1.74925361004187,0.0,-1.74925361004187,1,0,6.5303966396208336e-15,1.5838015934468903e-49,3.4212201331079307e-295,6.5303966396208336e-15,1.3553375665888346e-301,0.0,3.2045293066604046,3.2045293066604046,9.85967654375977e-305,9.85967654375977e-305
204,1,9.0,112.83530946432346,0.0,115.23501582734977,1.693906328407078,0.0,-1.693906328407078,1,0,5.852776901358348e-15,1.4658400171952205e-49,3.4212201331079307e-295,5.852776901358348e-15,1.3280522518640635e-301,0.0,3.2065302400732407,3.2065302400732407,9.85967654375977e-305,9.85967654375977e-305
205,1,8.75,112.83530946432346,0.0,115.15660699110664,1.6385590467722722,0.0,-1.6385590467722722,1,0,5.233192109275073e-15,1.3549353580363167e-49,3.4212201331079307e-295,5.233192109275073e-15,1.3007669371392853e-301,0.0,3.208564138963714,3.208564138963714,9.85967654375977e-305,9.85967654375977e-305
206,1,8.5,112.83530946432346,0.0,115.07819815486357,1.5832117651374942,0.0,-1.5832117651374942,1,0,4.667598471217703e-15,1.2507441342803825e-49,3.4212201331079307e-295,4.667598471217703e-15,1.273481622414521e-301,0.0,3.210632688415642,3.210632688415642,9.85967654375977e-305,9.85967654375977e-305
207,1,8.25,112.83530946432346,0.0,114.99978931862047,1.5278644835027022,0.0,-1.5278644835027022,1,0,4.152181273011224e-15,1.1529367015007876e-49,3.4212201331079307e-295,4.152181273011224e-15,1.2461963076897499e-301,0.0,3.2127377221604068,3.2127377221604068,9.85967654375977e-305,9.85967654375977e-305
208,1,8.0,112.83530946432346,0.0,114.92138048237734,1.472517201867896,0.0,-1.472517201867896,1,0,3.683344203130453e-15,1.0611967773941128e-49,3.4212201331079307e-295,3.683344203130453e-15,1.2189109929649717e-301,0.0,3.2148812416094463,3.2148812416094463,9.85967654375977e-305,9.85967654375977e-305
209,1,7.75,112.83530946432346,0.0,114.84297164613426,1.4171699202331043,0.0,-1.4171699202331043,1,0,3.2576990938803964e-15,9.75220979986927e-50,3.4212201331079307e-295,3.2576990938803964e-15,1.1916256782402005e-301,0.0,3.217065438139445,3.217065438139445,9.85967654375977e-305,9.85967654375977e-305
210,1,7.5,112.83530946432346,0.0,114.76456280989113,1.3618226385982983,0.0,-1.3618226385982983,1,0,2.8720560652966637e-15,8.947183786906307e-50,3.4212201331079307e-295,2.8720560652966637e-15,1.1643403635154224e-301,0.0,3.219292719336585,3.219292719336585,9.85967654375977e-305,9.85967654375977e-305
211,1,7.25,112.83530946432346,0.0,114.68615397364805,1.3064753569635204,0.0,-1.3064753569635204,1,0,2.523414058390655e-15,8.194100576713376e-50,3.4212201331079307e-295,2.523414058390655e-15,1.1370550487906583e-301,0.0,3.2215657400950186,3.2215657400950186,9.85967654375977e-305,9.85967654375977e-305
212,1,7.0,112.83530946432346,0.0,114.60774513740495,1.2511280753287144,0.0,-1.2511280753287144,1,0,2.2089517447672756e-15,7.490286909494902e-50,3.4212201331079307e-295,2.2089517447672756e-15,1.10976973406588e-301,0.0,3.223887439714265,3.223887439714265,9.85967654375977e-305,9.85967654375977e-305
213,1,6.75,112.83530946432346,0.0,114.52933630116185,1.1957807936939224,0.0,-1.1957807936939224,1,0,1.9260188000565743e-15,6.833181285738108e-50,3.4212201331079307e-295,1.9260188000565743e-15,1.0824844193411087e-301,0.0,3.226261086473558,3.226261086473558,9.85967654375977e-305,9.85967654375977e-305
214,1,6.5,112.83530946432346,0.0,114.45092746491873,1.1404335120591305,0.0,-1.1404335120591305,1,0,1.6721275289990683e-15,6.220329931089123e-50,3.4212201331079307e-295,1.6721275289990683e-15,1.0551991046163378e-301,0.0,3.2286903316119364,3.2286903316119364,9.85967654375977e-305,9.85967654375977e-305
215,1,6.25,112.83530946432346,0.0,114.37251862867565,1.0850862304243385,0.0,-1.0850862304243385,1,0,1.444944830445241e-15,5.649382855282215e-50,3.4212201331079307e-295,1.444944830445241e-15,1.0279137898915664e-301,0.0,3.2311792752599326,3.2311792752599326,9.85967654375977e-305,9.85967654375977e-305
216,1,6.0,112.83530946432346,0.0,114.29410979243255,1.0297389487895465,0.0,-1.0297389487895465,1,0,1.242284490950035e-15,5.118089993883678e-50,3.4212201331079307e-295,1.242284490950035e-15,1.0006284751667953e-301,0.0,3.233732547725594,3.233732547725594,9.85967654375977e-305,9.85967654375977e-305
217,1,5.75,112.83530946432346,0.0,114.21570095618942,0.9743916671547405,0.0,-0.9743916671547405,1,0,1.062099796095083e-15,4.624297418456664e-50,3.4212201331079307e-295,1.062099796095083e-15,9.73343160442017e-302,0.0,3.236355410745427,3.236355410745427,9.85967654375977e-305,9.85967654375977e-305
218,1,5.5,112.83530946432346,0.0,114.13729211994634,0.9190443855199484,0.0,-0.9190443855199484,1,0,9.024764491607509e-16,4.165943596090138e-50,3.4212201331079307e-295,9.024764491607509e-16,9.460578457172458e-302,0.0,3.239053885042238,3.239053885042238,9.85967654375977e-305,9.85967654375977e-305
219,1,5.25,112.83530946432346,0.0,114.05888328370325,0.8636971038851707,0.0,-0.8636971038851707,1,0,7.616257873248909e-16,3.741055672180316e-50,3.4212201331079307e-295,7.616257873248909e-16,9.187725309924816e-302,0.0,3.2418349130598543,3.2418349130598543,9.85967654375977e-305,9.85967654375977e-305
220,1,5.0,112.83530946432346,0.0,113.98047444746013,0.8083498222503646,0.0,-0.8083498222503646,1,0,6.378782862299275e-16,3.3477457395473485e-50,3.4212201331079307e-295,6.378782862299275e-16,8.914872162677034e-302,0.0,3.2447065695119717,3.2447065695119717,9.85967654375977e-305,9.85967654375977e-305
221,1,4.75,112.83530946432346,0.0,113.90206561121704,0.7530025406155727,0.0,-0.7530025406155727,1,0,5.296773445985271e-16,2.984207039980091e-50,3.4212201331079307e-295,5.296773445985271e-16,8.642019015429322e-302,0.0,3.2476783381261716,3.2476783381261716,9.85967654375977e-305,9.85967654375977e-305
222,1,4.5,112.83530946432346,0.0,113.82365677497391,0.6976552589807667,0.0,-0.6976552589807667,1,0,4.3557334170815847e-16,2.6487100169660845e-50,3.4212201331079307e-295,4.3557334170815847e-16,8.369165868181542e-302,0.0,3.2507614819489814,3.2507614819489814,9.85967654375977e-305,9.85967654375977e-305
223,1,4.25,112.83530946432346,0.0,113.74524793873081,0.6423079773459748,0.0,-0.6423079773459748,1,0,3.542179621608132e-16,2.3395980930936583e-50,3.4212201331079307e-295,3.542179621608132e-16,8.09631272093383e-302,0.0,3.2539695490466194,3.2539695490466194,9.85967654375977e-305,9.85967654375977e-305
224,1,4.0,112.83530946432346,0.0,113.66683910248774,0.5869606957111968,0.0,-0.5869606957111968,1,0,2.8435878486174283e-16,2.0552829680880188e-50,3.4212201331079307e-295,2.8435878486174283e-16,7.823459573686186e-302,0.0,3.257319079522702,3.257319079522702,9.85967654375977e-305,9.85967654375977e-305
225,1,3.75,112.83530946432346,0.0,113.58843026624461,0.5316134140763907,0.0,-0.5316134140763907,1,0,2.248341371388437e-16,1.794239095560911e-50,3.4212201331079307e-295,2.248341371388437e-16,7.550606426438404e-302,0.0,3.260830621437807,3.260830621437807,9.85967654375977e-305,9.85967654375977e-305
226,1,3.5,112.83530946432346,0.0,113.51002143000152,0.4762661324415988,0.0,-0.4762661324415988,1,0,1.7456822182008337e-16,1.5549967400119603e-50,3.4212201331079307e-295,1.7456822182008337e-16,7.277753279190693e-302,0.0,3.2645302385835047,3.2645302385835047,9.85967654375977e-305,9.85967654375977e-305
227,1,3.25,112.83530946432346,0.0,113.43161259375839,0.4209188508067929,0.0,-0.4209188508067929,1,0,1.3256653760120187e-16,1.3361325122167018e-50,3.4212201331079307e-295,1.3256653760120187e-16,7.004900131942912e-302,0.0,3.268451836833375,3.268451836833375,9.85967654375977e-305,9.85967654375977e-305
228,1,3.0,112.83530946432346,0.0,113.35320375751532,0.36557156917201494,0.0,-0.36557156917201494,1,0,9.791163725796688e-17,1.1362552276529444e-50,3.4212201331079307e-295,9.791163725796688e-17,6.732046984695269e-302,0.0,3.2726409281940647,3.2726409281940647,9.85967654375977e-305,9.85967654375977e-305
229,1,2.75,112.83530946432346,0.0,113.27479492127222,0.310224287537223,0.0,-0.310224287537223,1,0,6.975931865232677e-17,9.539825454987423e-51,3.4212201331079307e-295,6.975931865232677e-17,6.459193837447557e-302,0.0,3.27716109532086,3.27716109532086,9.85967654375977e-305,9.85967654375977e-305
230,1,2.5,112.83530946432346,0.0,113.19638608502909,0.2548770059024171,0.0,-0.2548770059024171,1,0,4.73354580255446e-17,7.87897861027874e-51,3.4212201331079307e-295,4.73354580255446e-17,6.186340690199776e-302,0.0,3.2821059860009214,3.2821059860009214,9.85967654375977e-305,9.85967654375977e-305
231,1,2.25,112.83530946432346,0.0,113.117977248786,0.19952972426762508,0.0,-0.19952972426762508,1,0,2.9933986875716973e-17,6.364597676626857e-51,3.4212201331079307e-295,2.9933986875716973e-17,5.913487542952064e-302,0.0,3.287624024421888,3.287624024421888,9.85967654375977e-305,9.85967654375977e-305
232,1,2.0,112.83530946432346,0.0,113.03956841254288,0.1441824426328191,0.0,-0.1441824426328191,1,0,1.691738397521e-17,4.977769958001687e-51,3.4212201331079307e-295,1.691738397521e-17,5.640634395704282e-302,0.0,3.2939776453372436,3.2939776453372436,9.85967654375977e-305,9.85967654375977e-305
233,1,1.75,112.83530946432346,0.0,112.9611595762998,0.08883516099804116,0.0,-0.08883516099804116,1,0,7.724354046391996e-18,3.6888523469303894e-51,3.4212201331079307e-295,7.724354046391996e-18,5.367781248456639e-302,0.0,3.301724626179264,3.301724626179264,9.85967654375977e-305,9.85967654375977e-305
234,1,1.5,112.83530946432346,0.0,112.8827507400567,0.033487879363235176,0.0,-0.033487879363235176,1,0,1.9089802583246916e-18,2.418398056157774e-51,3.4212201331079307e-295,1.9089802583246916e-18,5.3945933341724784e-301,0.0,3.312639599833096,3.312639599833096,9.85967654375977e-305,1.0439587037046357e-303
235,1,1.25,112.83530946432346,0.0,112.8043419038136,-0.021859402271556784,0.0,0.021859402271556784,1,0,1.0953105601308805e-18,2.12575391167063e-51,3.4212201331079307e-295,1.0953105601308805e-18,1.6504730315136515e-298,0.0,3.315973960758927,3.315973960758927,9.85967654375977e-305,3.230332916338019e-301
236,1,1.0,112.83530946432346,0.0,112.72593306757051,-0.07720668390633473,0.0,0.07720668390633473,1,0,6.233805177215135e-18,3.425408098717763e-51,3.4212201331079307e-295,6.233805177215135e-18,5.740278888144002e-296,0.0,3.303640124288245,3.303640124288245,9.85967654375977e-305,1.0657711233888204e-298
237,1,0.75,112.83530946432346,0.0,112.6475242313274,-0.1325539655411407,0.0,0.1325539655411407,1,0,1.4685801253935235e-17,4.700227900452305e-51,3.4212201331062097e-295,1.4685801253935235e-17,2.1283603522262913e-293,0.0,3.295460800265691,3.295460800265691,9.85967654375977e-305,3.758514679184262e-296
238,1,0.5,112.83530946432346,0.0,112.5691153950843,-0.18790124717593265,0.0,0.18790124717593265,1,0,2.6855368451060872e-17,6.063389214944255e-51,3.4212201058444875e-295,2.6855368451060872e-17,8.437520217426287e-291,0.0,3.2888773834850737,3.2888773834850737,9.85967654375977e-305,1.420576046152533e-293
239,1,0.25,112.83530946432346,0.0,112.49070655884117,-0.2432485288107386,0.0,0.2432485288107386,1,0,4.3279570056531555e-17,7.548257547364785e-51,3.4207882477829904e-295,4.3279570056531555e-17,3.586970502092216e-288,0.0,3.2832112955962556,3.2832112955962556,9.85967654375977e-305,5.7710478401023975e-291
240,1,0.0,112.83530946432346,0.0,112.41229772259808,-0.2985958104455306,0.0,0.2985958104455306,1,0,0.0,0.0,0.0,0.0,0.0,0.0,3.278160862945761,3.278160862945761,1.320634582784304e-304,2.5277151475466313e-288
241,1,-0.25,112.83530946432346,0.0,112.333888886355,-0.3539430920803085,0.0,0.3539430920803085,1,0,-9.147264385172473e-17,-1.0964069645361864e-50,-1.537769225232257e-292,-9.147264385172473e-17,-8.106775132102281e-283,0.0,3.2735605687371385,3.2735605687371385,4.432284626084219e-302,1.197657225846943e-285
242,1,-0.5,112.83530946432346,0.0,112.25548005011187,-0.4092903737151145,0.0,0.4092903737151145,1,0,-1.2470523445731268e-16,-1.2926089160522644e-50,-5.529033257186581e-290,-1.2470523445731268e-16,-4.341154680637704e-280,0.0,3.269307968628307,3.269307968628307,1.593422166040205e-299,6.160766859973731e-283
243,1,-0.75,112.83530946432346,0.0,112.17707121386879,-0.4646376553499065,0.0,0.4646376553499065,1,0,-1.6508973497526806e-16,-1.5073692850234638e-50,-2.1353195986517605e-287,-1.6508973497526806e-16,-2.5295080879213763e-277,0.0,3.2653344300050655,3.2653344300050655,6.153816399163489e-297,3.4541076814228725e-280
244,1,-1.0,112.83530946432346,0.0,112.09866237762566,-0.5199849369847124,0.0,0.5199849369847124,1,0,-2.1353945071398648e-16,-1.742213411411345e-50,-8.886626984048616e-285,-2.1353945071398648e-16,-1.6110087103501726e-274,0.0,3.2615913074710745,3.2615913074710745,2.5610531979469855e-294,2.119769309748595e-277
245,1,-1.25,112.83530946432346,0.0,112.02025354138257,-0.5753322186194905,0.0,0.5753322186194905,1,0,-2.710323554967638e-16,-1.998556537970492e-50,-3.998808608045257e-282,-2.710323554967638e-16,-1.1268351269590987e-271,0.0,3.258042634259833,3.258042634259833,1.1524239277731579e-291,1.43059998854918e-274
246,1,-1.5,112.83530946432346,0.0,111.94184470513949,-0.6306795002542823,0.0,0.6306795002542823,1,0,-3.3862679661896605e-16,-2.277857763216383e-50,-1.952656862769369e-279,-3.3862679661896605e-16,-8.7013335077343e-269,0.0,3.254660928098288,3.254660928098288,5.627397337443215e-289,1.0672033966671496e-271
247,1,-1.75,112.83530946432346,0.0,111.86343586889636,-0.6860267818890884,0.0,0.6860267818890884,1,0,-4.1746600933929905e-16,-2.5816302682813645e-50,-1.0388279055420277e-276,-4.1746600933929905e-16,-7.460352990546582e-266,0.0,3.2514246283765793,3.2514246283765793,2.993817040346727e-286,8.849625724435668e-269
248,1,-2.0,112.83530946432346,0.0,111.78502703265326,-0.7413740635238804,0.0,0.7413740635238804,1,0,-5.087829304458561e-16,-2.911448674274165e-50,-6.047302798542427e-274,-5.087829304458561e-16,-7.147029508507953e-263,0.0,3.2483164502699235,3.2483164502699235,1.7427831953519195e-283,8.208494266929735e-266
249,1,-2.25,112.83530946432346,0.0,111.70661819641015,-0.7967213451586862,0.0,0.7967213451586862,1,0,-6.139052877456444e-16,-3.2689548022487415e-50,-3.8702398170635007e-271,-6.139052877456444e-16,-7.704290041990711e-260,0.0,3.245322284116462,3.245322284116462,1.115371453995307e-280,8.575943134142785e-263
250,1,-2.5,112.83530946432346,0.0,111.62820936016708,-0.8520686267934642,0.0,0.8520686267934642,1,0,-7.342609556318824e-16,-3.655862513086616e-50,-2.737384702835707e-268,-7.342609556318824e-16,-9.41861653569419e-257,0.0,3.2424304342936416,3.2424304342936416,7.888918776260626e-278,1.017091526678565e-259
251,1,-2.75,112.83530946432346,0.0,111.54980052392395,-0.9074159084282702,0.0,0.9074159084282702,1,0,-8.713835746536619e-16,-4.0739620104297097e-50,-2.1520757167993824e-265,-8.713835746536619e-16,-1.317414052427738e-253,0.0,3.2396310777493307,3.2396310777493307,6.202106160893584e-275,1.3813600343863132e-256
252,1,-3.0,112.83530946432346,0.0,111.47139168768085,-0.9627631900630622,0.0,0.9627631900630622,1,0,-1.0269184374871603e-15,-4.525123833313344e-50,-1.892702247548272e-262,-1.0269184374871603e-15,-2.129533782383863e-250,0.0,3.2369158693466242,3.2369158693466242,5.454613041085005e-272,2.1699345016914064e-253
253,1,-3.25,112.83530946432346,0.0,111.39298285143775,-1.0181104716978542,0.0,1.0181104716978542,1,0,-1.2026286464414398e-15,-5.011302677968936e-50,-1.8754907225721632e-259,-1.2026286464414398e-15,-4.0238770817512805e-247,0.0,3.2342776481158033,3.2342776481158033,5.405010834127596e-269,3.987766911853896e-250
254,1,-3.5,112.83530946432346,0.0,111.31457401519465,-1.0734577533326461,0.0,1.0734577533326461,1,0,-1.400401549395137e-15,-5.534541137707749e-50,-2.1107942797355245e-256,-1.400401549395137e-15,-9.006252554137538e-244,0.0,3.231710214564335,3.231710214564335,6.083136436387296e-266,8.687182113705366e-247
255,1,-3.75,112.83530946432346,0.0,111.23616517895155,-1.128805034967438,0.0,1.128805034967438,1,0,-1.622255462276124e-15,-6.096973419490466e-50,-2.722873065633168e-253,-1.622255462276124e-15,-2.424878423581657e-240,0.0,3.229208159101362,3.229208159101362,7.847097424996844e-263,2.2781592337024406e-243
256,1,-4.0,112.83530946432346,0.0,111.15775634270844,-1.184152316602244,0.0,1.184152316602244,1,0,-1.8703466870844453e-15,-6.700829077053596e-50,-4.06790345564401e-250,-1.8703466870844453e-15,-7.998773921745361e-237,0.0,3.2267667279290073,3.2267667279290073,1.1723364976066931e-259,7.324373727001401e-240
257,1,-4.25,112.83530946432346,0.0,111.07934750646534,-1.239499598237036,0.0,1.239499598237036,1,0,-2.146976835151737e-15,-7.348436788597865e-50,-7.123169449399151e-247,-2.146976835151737e-15,-3.304443356348522e-233,0.0,3.224381716860996,3.224381716860996,2.0528391627833135e-256,2.9510551008357615e-236
258,1,-4.5,112.83530946432346,0.0,111.00093867022225,-1.2948468798718138,0.0,1.2948468798718138,1,0,-2.454600465906132e-15,-8.04222819934635e-50,-1.4824800476622926e-243,-2.454600465906132e-15,-1.756447190257334e-229,0.0,3.222049386273269,3.222049386273269,4.2723862200733315e-253,1.5307750644831227e-232
259,1,-4.75,112.83530946432346,0.0,110.92252983397914,-1.35019416150662,0.0,1.35019416150662,1,0,-2.795833051910876e-15,-8.784741844196305e-50,-3.727846053650956e-240,-2.795833051910876e-15,-1.2427028543945099e-225,0.0,3.2197663922629527,3.2197663922629527,1.0743347362608957e-249,1.057532075220424e-228
260,1,-5.0,112.83530946432346,0.0,110.84412099773604,-1.405541443141412,0.0,-1.319542445619285,1,0,-3.1734592814011596e-15,-9.57862716226528e-50,-1.1551338377551568e-236,-3.1734592814011596e-15,-1.2229494519796712e-221,0.0,3.217529730392995,3.217529730392995,3.3290012223421057e-246,1.0167768719732501e-224
261,1,-5.25,112.83530946432346,0.0,110.76571216149291,-1.4608887247762177,0.0,-1.2780319843931804,1,0,-3.590441709976512e-15,-1.0426648612813689e-49,-4.5179822870556145e-233,-3.590441709976512e-15,-1.776757973620545e-217,0.0,3.21533668931947,3.21533668931947,1.3020455348582813e-242,1.4439970046041928e-220
262,1,-5.5,112.83530946432346,0.0,110.68730332524984,-1.5162360064109959,0.0,-1.2365215231671003,1,0,-4.0499297735154584e-15,-1.1331689900404158e-49,-2.298361236330086e-229,-4.0499297735154584e-15,-4.151711669994344e-213,0.0,3.2131848122589926,3.2131848122589926,6.623689060997219e-239,3.299938208829695e-216
263,1,-5.75,112.83530946432346,0.0,110.60889448900674,-1.5715832880457876,0.0,-1.1950110619410068,1,0,-4.555269174793351e-15,-1.2296758316056807e-49,-1.5805166286707946e-225,-4.555269174793351e-15,-1.7866244810777639e-208,0.0,3.2110718647345635,3.2110718647345635,4.554919626458333e-235,1.3895132149777391e-211
264,1,-6.0,112.83530946432346,0.0,110.53048565276362,-1.6269305696805936,0.0,-1.153500600714902,1,0,-5.1100116566830806e-15,-1.3324989200367673e-49,-1.5469753192299633e-221,-5.1100116566830806e-15,-1.8285368036520966e-203,0.0,3.208995807393044,3.208995807393044,4.458256316564757e-231,1.39214703635995e-206
265,1,-6.25,112.83530946432346,0.0,110.45207681652053,-1.6822778513153855,0.0,-1.1119901394888045,1,0,-5.717925175232268e-15,-1.4419650534021426e-49,-2.3181329553851677e-217,-5.717925175232268e-15,-1.1058521075624265e-197,0.0,3.2069547729523467,3.2069547729523467,6.680669537848356e-227,8.245619349390803e-201
266,1,-6.5,112.83530946432346,0.0,110.3736679802774,-1.7376251329501917,0.0,-1.0704796782627002,1,0,-6.3830044863202106e-15,-1.5584147660753745e-49,-5.950101688079393e-213,-6.3830044863202106e-15,-2.7858922433086664e-191,0.0,3.204947046536454,3.204947046536454,1.7147706304898865e-222,2.035262030420111e-194
267,1,-6.75,112.83530946432346,0.0,110.29525914403432,-1.7929724145849697,0.0,-1.0289692170366196,1,0,-7.109482160012085e-15,-1.6822028147547374e-49,-3.1990358368003077e-208,-7.109482160012085e-15,-2.83021990436543e-185,0.0,3.2029710488089314,3.2029710488089314,9.219359578038544e-218,2.0266722933502337e-188
268,1,-7.0,112.83530946432346,0.0,110.21685030779123,-1.8483196962197617,0.0,-0.9874587558105226,1,0,-7.90184003716246e-15,-1.81369867866924e-49,-6.200324363262092e-203,-7.90184003716246e-15,-1.2571294340830812e-179,0.0,3.201025321433042,3.201025321433042,1.7868827584801565e-212,8.82716526344652e-183
269,1,-7.25,112.83530946432346,0.0,110.1384414715481,-1.9036669778545676,0.0,-0.9459482945844184,1,0,-8.764821143242761e-15,-1.9532870744216396e-49,-8.558370900738687e-197,-8.764821143242761e-15,-2.6276076004394964e-174,0.0,3.1991085144778415,3.1991085144778415,2.4664524801025818e-206,1.8098546565287986e-177
270,1,-7.5,112.83530946432346,0.0,110.060032635305,-1.9590142594893594,0.0,-0.9044378333583238,1,0,-9.703442074820586e-15,-2.10136848591479e-49,-5.743010777985077e-191,-9.703442074820586e-15,-2.742645143518712e-169,0.0,3.197219375461084,3.197219375461084,1.6550887243499296e-200,1.853755949112603e-172
271,1,-7.75,112.83530946432346,0.0,109.98162379906192,-2.0143615411241513,0.0,-0.8629273721322336,1,0,-1.0723005874569648e-14,-2.2583597098036254e-49,-1.8459108642048953e-185,-1.0723005874569648e-14,-1.521492320766962e-164,0.0,3.1953567397762077,3.1953567397762077,5.3197641021534836e-195,1.0094955764327786e-167
272,1,-8.0,112.83530946432346,0.0,109.90321496281882,-2.0697088227589435,0.0,-0.8214169109061401,1,0,-1.182911541114767e-14,-2.4246944169162508e-49,-3.0116300648252344e-180,-1.182911541114767e-14,-4.7054788153682186e-160,0.0,3.193519522295535,3.193519522295535,8.679271474315949e-190,3.0657492857183143e-163
273,1,-8.25,112.83530946432346,0.0,109.8248061265757,-2.1250561043937495,0.0,-0.7799064496800312,1,0,-1.302768728076321e-14,-2.6008237300906357e-49,-2.629176986696999e-175,-1.302768728076321e-14,-8.516448429109873e-156,0.0,3.1917067099777205,3.1917067099777205,7.577072990500724e-185,5.45042914086308e-159
274,1,-8.5,112.83530946432346,0.0,109.74639729033261,-2.1804033860285412,0.0,-0.7383959884539377,1,0,-1.4324966247732034e-14,-2.787216818875715e-49,-1.28905303394042e-170,-1.4324966247732034e-14,-9.350301224130376e-152,0.0,3.189917355336453,3.189917355336453,3.7149453902163652e-180,5.879946716951751e-155
275,1,-8.75,112.83530946432346,0.0,109.66798845408952,-2.2357506676633196,0.0,-0.6968855272278576,1,0,-1.5727540241829783e-14,-2.9843615115539255e-49,-3.6993395911484716e-166,-1.5727540241829783e-14,-6.46658140773549e-148,0.0,3.188150570650846,3.188150570650846,1.0661194069705824e-175,3.996959019345763e-151
276,1,-9.0,112.83530946432346,0.0,109.5895796178464,-2.291097949298125,0.0,-0.6553750660017529,1,0,-1.7242355930749088e-14,-3.1927649249460664e-49,-6.465631532919208e-162,-1.7242355930749088e-14,-2.928515997751755e-144,0.0,3.186405522817109,3.186405522817109,1.863342114376185e-171,1.7796589727001617e-147
277,1,-9.25,112.83530946432346,0.0,109.5111707816033,-2.3464452309329173,0.0,-0.613864604775656,1,0,-1.8876734886496808e-14,-3.412954112468006e-49,-7.140572495850772e-158,-1.8876734886496808e-14,-8.909804497324085e-141,0.0,3.184681428756765,3.184681428756765,2.0578545784015166e-167,5.324936691009416e-144
278,1,-9.5,112.83530946432346,0.0,109.43276194536018,-2.401792512567723,0.0,-0.5723541435495515,1,0,-2.0638390365113564e-14,-3.645476730917747e-49,-5.1188811228549715e-154,-2.0638390365113564e-14,-1.8747246512371787e-137,0.0,3.1829775513095964,3.1829775513095964,1.4752196635607612e-163,1.1021981172050432e-140
279,1,-9.75,112.83530946432346,0.0,109.35435310911708,-2.4571397942025146,0.0,-0.5308436823234575,1,0,-2.253544471962354e-14,-3.8909017264788446e-49,-2.463467685619371e-150,-2.253544471962354e-14,-2.802071908460971e-134,0.0,3.181293195550205,3.181293195550205,7.099512340980726e-160,1.6210347716687264e-137
280,1,-10.0,112.83530946432346,0.0,109.275944272874,-2.5124870758372935,0.0,-0.4893332210973773,1,0,-2.457644746671454e-14,-4.149820040435795e-49,-8.16049603994275e-147,-2.457644746671454e-14,-3.02288125550336e-131,0.0,3.1796277054759865,3.1796277054759865,2.351788200117251e-156,1.7212198594540176e-134
281,1,-10.25,112.83530946432346,0.0,109.19753543663089,-2.5678343574720994,0.0,-0.4478227598712732,1,0,-2.677039402820369e-14,-4.4228453351078195e-49,-1.9064283779562374e-143,-2.677039402820369e-14,-2.4226807917739775e-128,0.0,3.1779804610217357,3.1779804610217357,5.494170626026802e-153,1.3580679757176329e-131
282,1,-10.5,112.83530946432346,0.0,109.11912660038779,-2.623181639106891,0.0,-0.40631229864517515,1,0,-2.91267451689364e-14,-4.710614740515813e-49,-3.2114754156041765e-140,-2.91267451689364e-14,-1.466990902061199e-125,0.0,3.176350875362366,3.176350875362366,9.2552094265063e-150,8.097804902890874e-129
283,1,-10.75,112.83530946432346,0.0,109.04071776414466,-2.678528920741697,0.0,-0.364801837419071,1,0,-3.16554471534007e-14,-5.013789622311588e-49,-3.9793507132932276e-137,-3.16554471534007e-14,-6.780617333502769e-123,0.0,3.174738392470455,3.174738392470455,1.1468163216848806e-146,3.68659183037528e-126
284,1,-11.0,112.83530946432346,0.0,108.96230892790159,-2.733876202376475,0.0,-0.32329137619299086,1,0,-3.436695264391075e-14,-5.333056371503668e-49,-3.693349992767452e-134,-3.436695264391075e-14,-2.4538296341209048e-120,0.0,3.173142484899812,3.173142484899812,1.064393253716298e-143,1.3143604667766606e-123
285,1,-11.25,112.83530946432346,0.0,108.88390009165849,-2.789223484011267,0.0,-0.2817809149668968,1,0,-3.727224236390382e-14,-5.6691272165326725e-49,-2.6123354898846024e-131,-3.727224236390382e-14,-7.043358316149235e-118,0.0,3.171562651770005,3.171562651770005,7.528537174440228e-141,3.7175734531725986e-121
286,1,-11.5,112.83530946432346,0.0,108.80549125541536,-2.844570765646073,0.0,-0.2402704537407893,1,0,-4.038284755049618e-14,-6.0227410582541085e-49,-1.4376185514968715e-128,-4.038284755049618e-14,-1.6155409946002582e-115,0.0,3.169998416930019,3.169998416930019,4.1430990581103405e-138,8.404272378265195e-119
287,1,-11.75,112.83530946432346,0.0,108.72708241917228,-2.899918047280865,0.0,-0.19875999251469464,1,0,-4.3710873221151296e-14,-6.394664328402834e-49,-6.173247017034756e-126,-4.3710873221151296e-14,-3.019832273221906e-113,0.0,3.1684493272819725,3.1684493272819725,1.7790792888091655e-135,1.548664477874052e-116
288,1,-12.0,112.83530946432346,0.0,108.64867358292915,-2.9552653289156705,0.0,-0.1572495312885905,1,0,-4.72690222799833e-14,-6.785691872125185e-49,-2.119839902199077e-123,-4.72690222799833e-14,-4.644368923171079e-111,0.0,3.166914951248146,3.166914951248146,6.109205180331749e-133,2.3484487319814397e-114
289,1,-12.25,112.83530946432346,0.0,108.57026474668608,-3.0106126105504485,0.0,-0.11573907006251093,1,0,-5.107062048989847e-14,-7.196647855174544e-49,-5.896498184778174e-121,-5.107062048989847e-14,-5.932121752850575e-109,0.0,3.1653948773666456,3.1653948773666456,1.6993225393528147e-130,2.9582122876915823e-112
290,1,-12.5,112.83530946432346,0.0,108.49185591044298,-3.0659598921852407,0.0,-0.07422860883641293,1,0,-5.512964233754705e-14,-7.628386696385801e-49,-1.3281137122454042e-118,-5.512964233754705e-14,-6.362604706423839e-107,0.0,3.1638887130027316,3.1638887130027316,3.827515069653257e-128,3.129693787020743e-110
291,1,-12.75,112.83530946432346,0.0,108.41344707419987,-3.1213071738200466,0.0,-0.0327181476103088,1,0,-5.946073781872508e-14,-8.081794026046153e-49,-2.4787223023503203e-116,-5.946073781872508e-14,-5.7982011191442885e-105,0.0,3.1623960831643956,3.1623960831643956,7.143474898464438e-126,2.8137679986468597e-108
292,1,-13.0,112.83530946432346,0.0,108.33503823795678,-3.1766544554548246,0.0,0.008792313615770802,1,0,-6.407926017267937e-14,-8.557787670806281e-49,-3.8578186122711334e-114,-6.407926017267937e-14,-4.504238305569748e-103,0.0,3.1609166294120463,3.1609166294120463,1.1117917643883337e-123,2.1568642336150596e-106
293,1,-13.25,112.83530946432346,0.0,108.25662940171367,-3.2320017370896306,0.0,0.05030277484187549,1,0,-6.900129459452148e-14,-9.057318665782048e-49,-5.046545968276981e-112,-6.900129459452148e-14,-3.011633365978006e-101,0.0,3.159450008853326,3.159450008853326,1.4543732637637987e-121,1.4232666019882692e-104
294,1,-13.5,112.83530946432346,0.0,108.17822056547057,-3.2873490187244223,0.0,0.09181323606797293,1,0,-7.42436879557019e-14,-9.581372294508973e-49,-5.600133000151982e-110,-7.42436879557019e-14,-1.7529744566326679e-99,0.0,3.157995893215081,3.157995893215081,1.6139125176190942e-119,8.177428284829563e-103
295,1,-13.75,112.60386058052754,-0.2314488837959208,107.86923053122881,-3.342083817729798,0.0,-0.06787457302692505,1,0,-7.976041029586478e-14,-1.0124743653644691e-48,-5.413674431868095e-108,-7.976041029586478e-14,-9.089032215162683e-98,0.0,3.1565698589815616,3.1565698589815616,1.5601766836018425e-117,4.186484000170576e-101
296,1,-14.0,112.43045770090448,-0.17340287962305123,107.6180688907201,-3.396972223737608,0.0,-0.027687788703356156,1,0,-8.564251031573196e-14,-1.0695753547572255e-48,-4.495630610636404e-106,-8.564251031573196e-14,-4.136754731592158e-96,0.0,3.1551515018495775,3.1551515018495775,1.2956039645666907e-115,1.881637873107029e-99
297,1,-14.25,111.85210432163139,-0.5783533792731139,106.96347488187126,-3.4507890102035943,0.0,-0.0012173358117775028,1,0,-9.176810580150709e-14,-1.128203273804949e-48,-3.3487877129683215e-104,-9.176810580150709e-14,-1.7297416142717472e-94,0.0,3.1537719192103126,3.1537719192103126,9.650932234398567e-114,7.772741463620281e-98
298,1,-14.5,110.22488207084638,-1.6272222507849985,105.26394413809338,-3.5018301774752985,0.0,0.0033212547712393493,1,0,-9.792254606150198e-14,-1.1863193394897188e-48,-2.3862938233717213e-102,-9.792254606150198e-14,-7.13694680502857e-93,0.0,3.1524733945166137,3.1524733945166137,6.877103583347448e-112,3.1706868201017257e-96
299,1,-14.75,106.4176270552985,-3.8072550155478844,101.39255342104158,-3.547102329238614,0.0,0.0018205794472700657,1,0,-1.0367578301061182e-13,-1.23998833892349e-48,-1.79728327249773e-100,-1.0367578301061182e-13,-3.25241713087827e-91,0.0,3.151329535208457,3.151329535208457,5.179623360932275e-110,1.430544947257815e-94
300,1,-15.0,99.60309963219484,-6.814527423103655,94.52516435191362,-3.584416343198915,0.0,9.580475250152301e-05,1,0,-1.086346011394437e-13,-1.2857712769039835e-48,-1.5695484966177533e-98,-1.086346011394437e-13,-1.802492022749792e-89,0.0,3.1503922249835723,3.1503922249835723,4.523310367151774e-108,7.86356163058283e-93
301,1,-15.25,91.14791978749011,-8.455179844704729,86.02327355321285,-3.6173887025671068,0.0,0.0002571437711980125,1,0,-1.1318550555818122e-13,-1.3274238962441585e-48,-1.4386350439695141e-96,-1.1318550555818122e-13,-1.0754985552544551e-87,0.0,3.1495680272939923,3.1495680272939923,4.1460285062602666e-106,4.658470943355995e-91
302,1,-15.5,81.06879016202406,-10.079129625466054,75.90352104873806,-3.6460636075018233,0.0,8.316352427653219e-06,1,0,-1.1727622171767957e-13,-1.3645822549781208e-48,-1.385052493130162e-94,-1.1727622171767957e-13,-6.955724845047382e-86,0.0,3.1488543001748353,3.1488543001748353,3.9916079781705856e-104,2.9942443464683684e-89
303,1,-15.75,69.60389414368889,-11.46489601833518,64.40319729339582,-3.6710713621346587,0.0,3.029857752334491e-05,1,0,-1.209474811946487e-13,-1.3977129722780194e-48,-1.3984540040192602e-92,-1.209474811946487e-13,-4.801027056562652e-84,0.0,3.1482341373756504,3.1482341373756504,4.030230036215166e-102,2.055642778434712e-87
304,1,-16.0,57.35295337702225,-12.250940766666625,52.11977561691341,-3.693999008423837,0.0,-0.00048101985459572764,1,0,-1.2440027457405592e-13,-1.428691822102095e-48,-1.4120561842549211e-90,-1.2440027457405592e-13,-3.3509307512797744e-82,0.0,3.1476674122603945,3.1476674122603945,4.0694304069003775e-100,1.427750941261898e-85
305,1,-16.25,44.53233652813083,-12.820616848891424,39.2688135342894,-3.7154191222546804,0.0,-0.00011547474571455105,1,0,-1.2770276066671218e-13,-1.4581643238118606e-48,-1.3963053769775366e-88,-1.2770276066671218e-13,-2.3066685235232193e-80,0.0,3.147139537269575,3.147139537269575,4.024037868853715e-98,9.783514312171193e-84
306,1,-16.5,31.086274655933348,-13.446061872197483,25.794751178330923,-3.7351841224113604,0.0,-0.0006316394677717338,1,0,-1.30817105012447e-13,-1.4858210730374114e-48,-1.3659147060211708e-86,-1.30817105012447e-13,-1.5943773129963078e-78,0.0,3.146653798916298,3.146653798916298,3.936454441327993e-96,6.734172407151857e-82
307,1,-16.75,17.1913457175088,-13.894928938424545,11.873504527614612,-3.753761286720747,0.0,-0.0007280260109857324,1,0,-1.3380401759239468e-13,-1.512225291108944e-48,-1.3054045285739776e-84,-1.3380401759239468e-13,-1.0825615225175976e-76,0.0,3.1461984227101327,3.1461984227101327,3.7620690600830704e-94,4.554547261519618e-80
308,1,-17.0,3.2804751314100304,-13.91087058609877,-2.063624006645523,-3.772296264685896,0.0,-0.0004798969768349436,1,0,-1.368428358224352e-13,-1.538970398505544e-48,-1.1748439979252143e-82,-1.368428358224352e-13,-6.947864651716325e-75,0.0,3.1457452022092496,3.1457452022092496,3.385804291522552e-92,2.911749089480982e-78
309,1,-17.25,-10.337507897835795,-13.617983029245828,-15.708962999169987,-3.7916063102945254,0.0,0.00010423676445811099,1,0,-1.4007214896840504e-13,-1.5672654097545938e-48,-9.661345641091192e-81,-1.4007214896840504e-13,-4.0528868559014784e-73,0.0,3.1452742123020507,3.1452742123020507,2.7843207771634313e-90,1.6916610395115537e-76
310,1,-17.5,-24.06144301401814,-13.723935116182345,-29.459856871612647,-3.8106359751480787,0.0,-0.0004532454720985163,1,0,-1.4331898594935756e-13,-1.5955861499819095e-48,-7.504394995721976e-79,-1.4331898594935756e-13,-2.2550315926676838e-71,0.0,3.144811233041318,3.144811233041318,2.1627052465405897e-88,9.375191156916713e-75
311,1,-17.75,-37.44424878440073,-13.382805770382587,-42.87090026849045,-3.830568369776194,0.0,-0.0005605733903590134,1,0,-1.467896227909444e-13,-1.6257214302889347e-48,-5.330323504695913e-77,-1.467896227909444e-13,-1.140239803931301e-69,0.0,3.1443275288507513,3.1443275288507513,1.5361556282599976e-86,4.720934335866277e-73
312,1,-18.0,-50.42808631585866,-12.983837531457924,-55.88447113067342,-3.8515565531038662,0.0,-0.0005489057939652602,1,0,-1.505226601789957e-13,-1.6579811946278332e-48,-3.3982569163905004e-75,-1.505226601789957e-13,-5.205658359922486e-68,0.0,3.143819561870716,3.143819561870716,9.79349843173269e-85,2.1459745147532405e-71
313,1,-18.25,-63.04462166915114,-12.616535353292491,-68.53211680505738,-3.8735167273100046,0.0,-0.0005240817464149001,1,0,-1.5451649703719516e-13,-1.6923236067104322e-48,-1.96517119185652e-73,-1.5451649703719516e-13,-2.156007430427333e-66,0.0,3.1432895497196625,3.1432895497196625,5.663462610112292e-83,8.84785074542e-70
314,1,-18.5,-74.65993455481025,-11.61531288565911,-80.18229352533046,-3.898126434145411,0.0,0.0007903473175043468,1,0,-1.5910120670883915e-13,-1.7315360858080107e-48,-9.646825829806508e-72,-1.5910120670883915e-13,-7.509413800391786e-65,0.0,3.142697372809843,3.142697372809843,2.780136286333449e-81,3.06623926570894e-68
315,1,-18.75,-85.91949847306577,-11.259563918255521,-91.47805495638131,-3.9236775586251866,0.0,-0.0009160836485593777,1,0,-1.639858522235583e-13,-1.7730748311797994e-48,-4.296495124155252e-70,-1.639858522235583e-13,-2.38405555820485e-63,0.0,3.142084517372885,3.142084517372885,1.2382147464310899e-79,9.684044212149983e-67
316,1,-19.0,-94.98540671483612,-9.065908241770337,-100.58838457378619,-3.9550337488921463,0.0,6.648399139779597e-06,1,0,-1.7015791683701487e-13,-1.8252231175474847e-48,-1.4197667331428354e-68,-1.7015791683701487e-13,-5.5650018415297675e-62,0.0,3.141335145362433,3.141335145362433,4.091651578018244e-78,2.2462013877398914e-65
317,1,-19.25,-103.0645143800851,-8.07910766524899,-108.71561306152365,-3.989001307172312,0.0,-0.0005634106735901434,1,0,-1.7707093167193648e-13,-1.883202786729683e-48,-3.9786729182078636e-67,-1.7707093167193648e-13,-1.1010687359783128e-60,0.0,3.1405267093405156,3.1405267093405156,1.146620986686119e-76,4.413984555968703e-64
318,1,-19.5,-108.26148908281566,-5.196974702730562,-113.97151350313052,-4.030595847040415,0.0,-0.000304206862962509,1,0,-1.858679149932813e-13,-1.9563617745579998e-48,-7.725661981080975e-66,-1.858679149932813e-13,-1.4906858852560463e-59,0.0,3.139541423097983,3.139541423097983,2.2264725816015676e-75,5.926478415605747e-63
319,1,-19.75,-111.51515225800354,-3.2536631751878744,-117.29138775719937,-4.077332967571158,0.0,-0.0035769225945154258,1,0,-1.9620419653854238e-13,-2.041484598320085e-48,-1.1405103843544068e-64,-1.9620419653854238e-13,-1.5352022541016905e-58,0.0,3.1384403663497715,3.1384403663497715,3.286857625942432e-74,6.047278222275365e-62
320,1,-20.0,-113.02319117300496,-1.508038915001432,-118.87218197524538,-4.128689529420237,0.0,-0.009291409850975301,1,0,-2.0813621936317623e-13,-2.1386978370145534e-48,-1.3166223073351679e-63,-2.0813621936317623e-13,-1.2344372498776917e-57,0.0,3.137237734706303,3.137237734706303,3.79439778077966e-73,4.813850566685546e-61
